AddressID,Street,City,State,ZipCode
1,15 Glendale Court,New Haven,Connecticut,06538
2,3573 Clarendon Drive,Lynn,Massachusetts,01905
3,90 Longview Crossing,New Haven,Connecticut,06520
4,01 Donald Road,Stamford,Connecticut,06912
5,173 Dayton Avenue,Stamford,Connecticut,06912
6,08154 Little Fleur Center,Worcester,Massachusetts,01654
7,59185 Arrowood Court,New Haven,Connecticut,06520
8,02166 Grim Lane,Hartford,Connecticut,06145
9,12 Kinsman Way,Woburn,Massachusetts,01813
10,6 Ilene Point,Worcester,Massachusetts,01610
11,51 Coolidge Crossing,Portsmouth,New Hampshire,03804
12,927 Barby Drive,Montpelier,Vermont,05609
13,86618 Kim Park,Springfield,Massachusetts,01152
14,53 Logan Road,Bridgeport,Connecticut,06673
15,7792 Pond Pass,Fairfield,Connecticut,06825
16,8 Prairie Rose Drive,Hartford,Connecticut,06160
17,8 Kennedy Terrace,New Haven,Connecticut,06510
18,94467 Schmedeman Lane,Newton,Massachusetts,02162
19,3 Arkansas Alley,Brockton,Massachusetts,02405
20,3134 Sullivan Parkway,New Haven,Connecticut,06505
21,05397 Helena Plaza,Stamford,Connecticut,06905
22,0519 Scoville Avenue,Stamford,Connecticut,06912
23,3 School Pass,Hartford,Connecticut,06160
24,61 Waubesa Avenue,Springfield,Massachusetts,01152
25,4 Pankratz Way,Boston,Massachusetts,02283
26,8504 Carpenter Way,Worcester,Massachusetts,01605
27,397 Farragut Terrace,Waterbury,Connecticut,06721
28,22513 Scoville Trail,Boston,Massachusetts,02163
29,57290 Warner Terrace,Hartford,Connecticut,06183
30,9 Crowley Avenue,New Bedford,Massachusetts,02745
31,03 Northport Plaza,Manchester,New Hampshire,03105
32,24660 Talisman Hill,New Haven,Connecticut,06510
33,99 Fieldstone Lane,Brockton,Massachusetts,02405
34,75 Eagle Crest Plaza,Boston,Massachusetts,02208
35,60124 Blackbird Way,Hartford,Connecticut,06152
36,639 Stuart Pass,Newton,Massachusetts,02162
37,5 Duke Hill,Newton,Massachusetts,02162
38,94 Mandrake Park,Danbury,Connecticut,06816
39,3296 Namekagon Avenue,Boston,Massachusetts,02124
40,08770 Browning Point,Danbury,Connecticut,06816
41,562 Sycamore Terrace,Lynn,Massachusetts,01905
42,00920 Burning Wood Pass,Boston,Massachusetts,02203
43,3 Montana Alley,Hartford,Connecticut,06105
44,8607 Hermina Park,Portland,Maine,04109
45,2231 Debs Center,West Hartford,Connecticut,06127
46,2 Anniversary Parkway,Hartford,Connecticut,06140
47,0 Porter Court,Brockton,Massachusetts,02405
48,18 Waywood Road,Hartford,Connecticut,06120
49,46865 Briar Crest Alley,Boston,Massachusetts,02298
50,63013 Bunting Park,Hartford,Connecticut,06152
51,97 Norway Maple Terrace,Boston,Massachusetts,02104
52,22183 Loftsgordon Junction,Boston,Massachusetts,02104
53,86 Lakewood Lane,Cambridge,Massachusetts,02142
54,396 Starling Street,Watertown,Massachusetts,02472
55,38 Lake View Court,Waterbury,Connecticut,06721
56,23010 Fulton Hill,Springfield,Massachusetts,01129
57,71408 Quincy Crossing,Bridgeport,Connecticut,06606
58,1 Lillian Alley,Stamford,Connecticut,06905
59,4 Morrow Court,Waterbury,Connecticut,06705
60,7 2nd Lane,Stamford,Connecticut,06912
61,16 Logan Hill,Boston,Massachusetts,02163
62,71127 Toban Place,Fairfield,Connecticut,06825
63,677 Cordelia Lane,New Haven,Connecticut,06505
64,14767 Lillian Center,Hartford,Connecticut,06105
65,417 Cambridge Hill,Boston,Massachusetts,02124
66,42452 Schmedeman Avenue,Hartford,Connecticut,06120
67,196 Hanson Point,Boston,Massachusetts,02216
68,014 Crest Line Pass,Manchester,New Hampshire,03105
69,39 Victoria Trail,Boston,Massachusetts,02104
70,1 Barby Junction,Hartford,Connecticut,06160
71,573 Eastwood Plaza,Hartford,Connecticut,06105
72,4049 Lyons Place,Waterbury,Connecticut,06721
73,1 Northwestern Hill,Stamford,Connecticut,06922
74,8191 Grayhawk Way,Brockton,Massachusetts,02305
75,1 Anthes Lane,Manchester,New Hampshire,03105
76,72174 Farragut Terrace,Worcester,Massachusetts,01605
77,25 Sunnyside Hill,New Haven,Connecticut,06520
78,126 Heath Parkway,Lynn,Massachusetts,01905
79,2531 Morning Circle,New Haven,Connecticut,06520
80,21 Blackbird Crossing,Boston,Massachusetts,02119
81,7224 Warbler Pass,New Haven,Connecticut,06538
82,7 Mendota Avenue,Watertown,Massachusetts,02472
83,45693 Buena Vista Street,Bridgeport,Connecticut,06673
84,04 Kensington Center,Hartford,Connecticut,06105
85,96535 Jay Junction,Boston,Massachusetts,02203
86,2 Monica Terrace,Springfield,Massachusetts,01105
87,58 Corry Crossing,New Haven,Connecticut,06520
88,2 Golf View Road,Boston,Massachusetts,02203
89,4 Graedel Place,Portsmouth,New Hampshire,00214
90,15 Haas Alley,Boston,Massachusetts,02119
91,1227 Morning Court,Watertown,Massachusetts,02472
92,002 Parkside Hill,Norwalk,Connecticut,06854
93,55 Arrowood Pass,Bridgeport,Connecticut,06606
94,8071 Dexter Crossing,Hartford,Connecticut,06152
95,5 Kinsman Street,Boston,Massachusetts,02283
96,3844 Chive Street,Bridgeport,Connecticut,06673
97,0599 Dovetail Terrace,Stamford,Connecticut,06922
98,5 6th Point,Manchester,New Hampshire,03105
99,4 Donald Avenue,Woburn,Massachusetts,01813
100,90 New Castle Park,Bridgeport,Connecticut,06606
101,123 Main St,Anytown,CA,12345
