VIN,LicensePlate,ModelID,TransmissionType,Colour,YearOfManufacturing,EngineDisplacement,OriginalPrice,OdometerReading,EngineType,BodyType
19XFB2F50EE229862,AC9885,1,Automatic,Blue,2007,3L,40000.00,70104,ESS,SUV
1B7GL42NX2S559696,8DBX400,43,Automatic,Purple,2013,3L,76000.00,119231,HEV,SUV
1C3CDZCB2CN138248,6TBG499,98,Automatic,Khaki,2010,3L,45000.00,98582,ESS,SUV
1C4BJWDG0FL591583,6GBB213,58,Automatic,Indigo,2012,3L,46000.00,191275,HEV,Sedan
1C6RR6KT5ES361931,979HZ,14,Manual,Blue,1992,2L,20000.00,166505,ESS,Sedan
1D4GP45R25B293360,BYY4481,6,Manual,Blue,1993,2L,15000.00,180201,ESS,Sedan
1D7HA16K04J246079,LDE345,64,Manual,Violet,1996,3L,27000.00,196542,ESS,Sedan
1FAHP53U75A290562,5RLF739,2,Manual,Purple,1999,2L,20000.00,121030,ESS,Sedan
1FDWE37S9WHB80430,MYZ1207,30,Automatic,Purple,2007,3L,36000.00,98207,ESS,Sedan
1FMDA41X1VZB36217,CB7N367,88,Manual,Violet,1995,2L,22000.00,101725,DSL,Sedan
1FMJK1J53BEF80652,5RIT855,28,Automatic,Crimson,2007,4L,55000.00,131179,ESS,Coupe
1FMJU1K50AEA05075,7BEG295,38,Automatic,Puce,2001,3L,42000.00,100933,ESS,Sedan
1FMPU18L1XLC91216,8EQL612,11,Manual,Yellow,1994,2L,26000.00,68005,ESS,Sedan
1FMZU67E51UB25422,573LKN,49,Automatic,Goldenrod,2006,3L,40000.00,159728,ESS,Sedan
1FTFW1CF0DFD80085,PJW762,24,Automatic,Mauv,1993,2L,32000.00,164189,ESS,Hatchback
1FTFW1CF9BFB86068,LDY1686,72,Manual,Pink,1989,2L,15000.00,82068,ESS,Hatchback
1FTKR4EE1APA34614,8AYZ073,10,Manual,Mauv,1998,3L,35000.00,142320,ESS,Sedan
1FTNE1EW8ADA83150,8BPG475,51,Automatic,Blue,2012,5L,60000.00,176289,ESS,Coupe
1FTPX14V28FB30800,8G19042,27,Automatic,Violet,2002,3L,53000.00,97826,DSL,Sedan
1FTSW21P16EB51682,S5451,92,Automatic,Aquamarine,2007,3L,40000.00,198566,ESS,Sedan
1FTWW32P65EC99430,3NQC494,44,Manual,Crimson,1992,2L,12000.00,174856,ESS,Sedan
1FTYR14U31PA11806,M179032,16,Automatic,Pink,2003,3L,42000.00,57005,ESS,Hatchback
1FUJGLDR29LA14659,5YLV479,66,Automatic,Pink,2007,3L,40000.00,166663,ESS,Sedan
1FUJGLDRXCSB04882,DQWD68,33,Manual,Fuscia,1993,3L,32000.00,132711,ESS,Sedan
1G11J5SX9DF298388,7PFC053,53,Automatic,Red,1995,3L,33000.00,135066,ESS,Sedan
1G1JC12F857140680,OYB3849,25,Automatic,Red,2007,3L,40000.00,130562,DSL,SUV
1G1ZT52895F267262,11576TE,55,Manual,Maroon,1994,2L,19000.00,68530,DSL,Sedan
1G2ZM361064267805,BBM644,70,Automatic,Puce,2008,3L,41000.00,109964,ESS,SUV
1GAZG1FG3B1114948,8AQK261,54,Manual,Yellow,1988,2L,15000.00,196839,ESS,Hatchback
1GBJC34F4SE173770,NWJ489,57,Automatic,Green,2006,3L,45000.00,119964,ESS,Sedan
1GCFG15X081280588,7APB026,61,Automatic,Fuscia,2008,6L,40000.00,60590,ESS,Coupe
1GCHK23D06F171814,SWE510,42,Manual,Orange,1990,2L,15000.00,83251,ESS,Sedan
1GCRCSE09CZ329718,7ZFG088,82,Automatic,Mauv,2008,3L,60000.00,106038,ESS,SUV
1GKES16S346185036,PBS852,40,Automatic,Green,1997,3L,32000.00,120824,ESS,Sedan
1GKKRPKD1FJ139536,2KXF105,80,Automatic,Maroon,2012,3L,46000.00,114050,HEV,Sedan
1GNDT13S342259062,LVL02B,67,Manual,Puce,1993,2L,16000.00,164245,ESS,Hatchback
1HGCR2F87FA048191,DRN9428,78,Automatic,Purple,2010,3L,47000.00,182753,ESS,SUV
1J4FA39S26P741547,394YDZ,65,Automatic,Violet,2007,3L,50000.00,102144,DSL,Sedan
1J4FX58S5WC188606,5LTG192,37,Automatic,Maroon,2000,3L,40000.00,131475,DSL,Sedan
1MEFM50U72G618813,HDU4009,20,Automatic,Purple,2006,3L,60000.00,183587,ESS,SUV
1N4AL11D15C372087,1ZE822,39,Automatic,Teal,2003,3L,45000.00,128342,ESS,Sedan
1N4AL3AP0FC109158,GJT298,95,Automatic,Violet,2000,3L,30000.00,124785,ESS,Hatchback
1N4AL3AP1FC187884,8EHZ261,9,Manual,Green,1986,2L,10000.00,111006,ESS,Hatchback
1NXBR32E65Z449753,3C45208,23,Manual,Pink,1996,3L,35000.00,123937,ESS,Sedan
2B3CJ4DG4BH511512,GWC7444,97,Automatic,Yellow,2007,3L,34000.00,145773,ESS,Sedan
2C3CCAETXDH661487,8CTY353,34,Automatic,Red,2007,3L,45000.00,185958,ESS,Sedan
2C3CDXBG2FH796098,8ESH902,47,Automatic,Turquoise,2003,3L,40000.00,75513,DSL,Sedan
2C4RC1CG0FR613361,KWK9277,74,Automatic,Goldenrod,2000,3L,33000.00,196704,DSL,Sedan
2C4RDGBG4CR200615,725MSJ,50,Automatic,Indigo,2005,3L,42000.00,165046,DSL,Sedan
2G1FA1E30E9166573,KJZ4082,75,Manual,Pink,1989,2L,20000.00,56763,ESS,Hatchback
2G1FA1E35D9226779,5WYW951,90,Manual,Blue,1999,3L,36000.00,154444,ESS,Hatchback
2G1FF1EV2A9268888,UYT721,15,Automatic,Puce,2006,5L,40000.00,88000,DSL,Sedan
2G1WT58K269331772,DMK9856,79,Manual,Red,1996,3L,31000.00,124721,ESS,Sedan
2GNFLFEK5E6253531,8CES121,41,Manual,Purple,1984,2L,14000.00,155639,ESS,Hatchback
2HKRM4H59DH677897,AR99718,8,Manual,Crimson,1993,2L,48000.00,89883,ESS,Sedan
2HKRM4H75DH683178,8EDX491,56,Automatic,Purple,2006,3L,41000.00,134181,ESS,SUV
2HKYF18173H544488,BLR7897,5,Automatic,Blue,2006,3L,40000.00,62304,ESS,SUV
2HSFBT3R4FCA23650,HAX7159,69,Manual,Blue,1993,2L,19000.00,196543,ESS,Hatchback
2HSFHAMR9WC050941,8DGE543,29,Automatic,Red,1999,3L,28000.00,128921,ESS,Sedan
2LMDU88C27BJ53197,DP3Y267,86,Automatic,Khaki,2001,3L,51000.00,172731,ESS,Sedan
3D73Y3CL7AG150610,4LEA921,26,Automatic,Purple,1995,3L,42000.00,154878,ESS,Sedan
3FA6P0H91DR350872,ITZH24,4,Automatic,Aquamarine,2011,6L,45000.00,100019,ESS,Coupe
3GSCL53798S635561,84ZT75,100,Manual,Goldenrod,1985,2L,15000.00,213540,DSL,Hatchback
3N1BC1CP5BL308174,088ZBN,68,Automatic,Crimson,2011,3L,40000.00,128828,ESS,Sedan
3VWAX7AJ9AM111979,8EJF061,81,Manual,Orange,1986,2L,19000.00,156758,ESS,Sedan
3VWCM31Y55M389744,5633H17,36,Automatic,Pink,1997,3L,29000.00,78077,ESS,Hatchback
3VWRK69M23M006035,6YIG446,22,Automatic,Crimson,2003,3L,38000.00,135295,DSL,Sedan
4A3AA46GX1E125103,JZF4922,96,Manual,Yellow,1998,3L,18000.00,195604,ESS,Hatchback
4F4YR12U52TM23440,A859709,77,Automatic,Purple,2000,3L,30000.00,154506,ESS,Sedan
5NPET46F09H466351,029LJT,87,Automatic,Mauv,2011,3L,65000.00,182131,HEV,Coupe
5TBRT38123S366789,8HFP675,60,Automatic,Indigo,2004,3L,42000.00,112969,DSL,Sedan
5TDKK4CC2AS339115,GLW6687,21,Automatic,Teal,2005,3L,51000.00,152069,ESS,Sedan
5UXZV4C52BL707270,8EVR733,62,Manual,Puce,1995,3L,28000.00,119526,ESS,Sedan
5XYZGDAB7BG056184,478TTR,63,Automatic,Crimson,1998,3L,32000.00,164541,ESS,Sedan
JF2SHADC6CH486302,GXX3112,59,Manual,Fuscia,1993,2L,18000.00,77731,ESS,Hatchback
JH4CU2F49DC063477,XA1H9T,13,Manual,Aquamarine,1994,3L,38000.00,86954,ESS,Sedan
JH4DC53043C089722,639NMF,99,Manual,Aquamarine,1999,3L,29000.00,182206,ESS,Sedan
JH4DC53802C046659,3ELY230,35,Automatic,Crimson,2007,3L,49000.00,193572,HEV,SUV
JH4KA826XPC021015,5RIN189,7,Automatic,Pink,2003,3L,42000.00,42345,DSL,Hatchback
JHLRE48738C029135,IA52WH,93,Automatic,Pink,2005,2L,24000.00,126684,DSL,Sedan
JM1CR29368033937,SC21742,3,Automatic,Maroon,2002,3L,35000.00,155568,DSL,Sedan
JM1NC25FX80103377,8EYD493,83,Manual,Mauv,1995,3L,39000.00,108832,DSL,Sedan
JM3ER293480288631,8AOW267,48,Manual,Crimson,1995,3L,29000.00,184517,ESS,Sedan
JN8AS5MV0BW675983,35198R1,12,Manual,Khaki,1998,3L,36000.00,73420,DSL,Sedan
JN8AZ1MU9CW167301,7WIF400,19,Manual,Indigo,1995,2L,27000.00,199189,DSL,Sedan
JN8AZ2NC6B9356142,JTE2476,31,Manual,Yellow,1977,2L,18000.00,168306,ESS,Hatchback
JT4UN24D7T0066061,XOG824,91,Automatic,Violet,2012,6L,50000.00,123899,ESS,SUV
KM8JM12BX8U875647,GTZ9304,52,Manual,Pink,1991,2L,20000.00,119506,ESS,Hatchback
KM8JU3ACXBU140423,H2675,17,Automatic,Violet,2009,5L,45000.00,56004,ESS,Coupe
KNADE123166160651,HBT764,45,Manual,Khaki,1993,2L,14000.00,108543,ESS,Hatchback
KNADE163886300739,8DSE291,18,Automatic,Crimson,2008,3L,41000.00,75512,HEV,SUV
SALSF25416A913487,7FDL478,89,Automatic,Aquamarine,2002,3L,40000.00,196729,ESS,Sedan
WBABG2323TET20799,GVGB85,94,Automatic,Violet,2011,3L,51000.00,64819,ESS,SUV
WBAEK13466CN03265,5L01D9,73,Automatic,Orange,2008,5L,37000.00,159069,ESS,Sedan
WBAVB17566NK44347,722NR,71,Automatic,Crimson,2005,3L,36000.00,78305,ESS,Sedan
WBAWV53539P006098,7MW424,32,Manual,Maroon,1993,3L,37000.00,139345,ESS,Sedan
WBSKG9C5XCE712953,BEE5BLU,46,Automatic,Pink,1999,3L,32000.00,166646,ESS,Sedan
WDBGA70G4XA437410,QNA660,76,Manual,Purple,1995,2L,21000.00,114165,DSL,Hatchback
WDDNG86X88A141351,210285L,84,Automatic,Teal,1991,2L,25000.00,196635,ESS,Hatchback
YV1MS672782383435,8FDL338,85,Automatic,Teal,2000,3L,44000.00,78779,ESS,Sedan
