CustomerID,FirstName,LastName,ContactNumber,AddressID,TakesLoan
1000,Nancey,Linnitt,6091991983,41,yes
1001,Riva,Beaney,7041698903,42,no
1002,Konstantin,Idill,4025746670,43,no
1003,Desmond,Heinemann,2348565770,44,no
1004,Mireielle,MacAnellye,6944466321,45,no
1005,Maggy,Ormonde,3129523750,46,yes
1006,Rana,Ojeda,6362024992,47,yes
1007,Glenden,Hark,2763104668,48,yes
1008,Madelina,Brice,1775463780,49,no
1009,Zebadiah,Rivilis,8182462186,50,yes
1010,Wye,O' Connell,9573656217,51,no
1011,Paige,Berzins,4017320065,52,yes
1012,Yevette,Millhouse,5924030515,53,no
1013,Gareth,Benbow,9412692151,54,yes
1014,Devin,Murphy,1744668115,55,yes
1015,Natala,Nemchinov,5963177632,56,no
1016,Pollyanna,Knowles,5883703384,57,no
1017,Calli,Le land,3492572403,58,no
1018,Tabor,Winstone,6785687917,59,no
1019,Maurizio,McPharlain,5129730177,60,no
1020,Pamella,Simeoli,4558992862,61,no
1021,Guillaume,Skudder,2908479715,62,no
1022,Trip,Kettlestring,3279977128,63,no
1023,George,Kirkbride,5713986072,64,no
1024,Ximenes,Blackmoor,5127058296,65,no
1025,Dulcea,Antonikov,2957126764,66,no
1026,Thorn,Wringe,5055456303,67,no
1027,Felipa,Scaife,1081709119,68,no
1028,Paule,Delia,5425762466,69,no
1029,Appolonia,Dikelin,1164980260,70,no
1030,Rosaleen,Lerer,6731221069,71,no
1031,Garald,De Dei,6503609770,72,yes
1032,Freda,Malbon,2147138594,73,yes
1033,Blithe,Ivel,6607043079,74,yes
1034,Zsa zsa,Keeping,5757084779,75,no
1035,Marlee,Polkinhorn,7063842747,76,no
1036,Jolie,Cartwight,8172091342,77,no
1037,Kelila,Pavett,2026662057,78,yes
1038,Drusie,Armit,1259482120,79,no
1039,Carroll,Walsh,4571261895,80,no
1040,Rivy,Smales,5181840845,81,no
1041,Olwen,Izaks,2947128379,82,no
1042,Niccolo,Ditch,3702364968,83,yes
1043,Bren,Draxford,5479203005,84,no
1044,Sara-ann,De Matteis,9567036680,85,yes
1045,Laurena,Starsmeare,2241982432,86,no
1046,Jackie,Kochs,4939596484,87,no
1047,Robbie,Faulkes,6784889831,88,yes
1048,Suzanne,Masham,1503135572,89,no
1049,Catherina,Gravett,4189842310,90,no
1050,John,Doe,1234567890,101,no
