InspectionNumber,VIN,DealerID,InspectorName,InspectionDate,InspectionResult
1,5NPET46F09H466351,6,Ginny Mullett,2022-04-24,pass
2,JH4DC53043C089722,5,Giacopo Lundbech,2022-08-31,pass
3,1C3CDZCB2CN138248,1,Rori Roumier,2022-08-26,pass
4,2B3CJ4DG4BH511512,9,Nicoline Hoyt,2022-05-31,pass
5,4A3AA46GX1E125103,10,Cherye Morgan,2022-07-04,fail
6,1N4AL3AP0FC109158,9,Stu Severy,2022-12-14,pass
7,WBABG2323TET20799,7,Fonz Laughrey,2022-04-20,pass
8,JHLRE48738C029135,10,Michell Grevel,2022-09-06,pass
9,1FTSW21P16EB51682,4,Tabbi O'Scanlon,2023-02-22,pass
10,JT4UN24D7T0066061,2,Markos Gile,2022-07-07,fail
11,2G1FA1E35D9226779,10,Amble McGuigan,2023-01-16,pass
12,SALSF25416A913487,7,Bria Spaducci,2023-01-05,pass
13,1FMDA41X1VZB36217,3,Mischa Lysons,2022-08-11,pass
14,5NPET46F09H466351,3,Catherine Hayhoe,2023-03-22,pass
15,2LMDU88C27BJ53197,6,Garvey Stiggles,2022-11-17,fail
16,YV1MS672782383435,9,Cynthea Woodruff,2022-08-21,pass
17,WDDNG86X88A141351,9,Jacquelynn Mechan,2022-12-15,pass
18,JM1NC25FX80103377,9,Shayne Lindenbaum,2023-02-13,pass
19,1GCRCSE09CZ329718,10,Arny Coggles,2022-09-17,pass
20,3VWAX7AJ9AM111979,8,Theadora Kyle,2022-04-13,fail
21,1GKKRPKD1FJ139536,6,Isaac Nafziger,2022-12-27,pass
22,2G1WT58K269331772,4,Walker Manners,2023-01-03,pass
23,1HGCR2F87FA048191,4,Doretta Jacklings,2022-10-17,pass
24,4F4YR12U52TM23440,5,Pansie Sartain,2022-08-22,pass
25,WDBGA70G4XA437410,7,Christy Sloan,2023-01-24,fail
26,2G1FA1E30E9166573,9,Deloris Langland,2022-05-06,pass
27,2C4RC1CG0FR613361,5,Thomasa Darrington,2023-04-01,pass
28,WBAEK13466CN03265,6,Pen Trorey,2022-08-28,pass
29,1FTFW1CF9BFB86068,6,Kippie Readshaw,2023-01-09,pass
30,WBAVB17566NK44347,7,Foster Eastbrook,2022-07-07,fail
31,1G2ZM361064267805,5,Cairistiona Syce,2022-11-27,pass
32,2HSFBT3R4FCA23650,4,Flo Deare,2022-06-20,pass
33,3N1BC1CP5BL308174,5,Anthony Beechcraft,2022-08-06,pass
34,1GNDT13S342259062,9,Cordelia Cambling,2023-01-12,pass
35,1FUJGLDR29LA14659,2,Cyrillus Westmorland,2022-11-15,fail
36,1J4FA39S26P741547,1,Phil McCrie,2023-04-07,pass
37,1D7HA16K04J246079,10,Yulma McBrearty,2023-04-05,pass
38,5XYZGDAB7BG056184,7,Chrisse Jakubiak,2023-03-25,pass
39,5UXZV4C52BL707270,3,Niki Alexis,2022-11-09,pass
40,1GCFG15X081280588,4,Sileas Blazewski,2023-02-19,fail
41,5TBRT38123S366789,5,Natala Roaf,2022-06-05,pass
42,JF2SHADC6CH486302,2,Kandy McShee,2022-11-03,pass
43,1C4BJWDG0FL591583,10,Zak Masdon,2022-09-20,pass
44,1GBJC34F4SE173770,6,Mag Robins,2022-11-30,pass
45,2HKRM4H75DH683178,3,Brad Radnedge,2022-06-04,fail
46,1GAZG1FG3B1114948,4,Lorene Moule,2022-04-17,pass
47,1G11J5SX9DF298388,9,Cherida Anfrey,2022-07-23,pass
48,KM8JM12BX8U875647,9,Fredia Shawel,2022-10-24,pass
49,1FTNE1EW8ADA83150,6,Stace Owen,2023-02-04,pass
50,19XFB2F50EE229862,2,Wilton Pautard,2022-09-12,fail
51,1C6RR6KT5ES361931,9,Matthew Jenkins,2023-04-12,Pass
