ModelID,CarMake,CarModel
1,Mazda,626
2,Toyota,T100
3,Oldsmobile,Bravada
4,Mazda,RX-8
5,Cadillac,DeVille
6,Chevrolet,Suburban 1500
7,Pontiac,1000
8,Chevrolet,Express 1500
9,Lamborghini,Diablo
10,Pontiac,Trans Sport
11,Oldsmobile,Silhouette
12,Ford,Escape
13,Rolls-Royce,Phantom
14,Hummer,H1
15,Jeep,Wrangler
16,Dodge,D150
17,Suzuki,XL-7
18,Mitsubishi,Mirage
19,Audi,A8
20,Porsche,Boxster
21,Dodge,Ram 2500
22,Chrysler,300
23,GMC,1500 Club Coupe
24,Hyundai,Genesis
25,Volkswagen,Touareg
26,Volvo,S60
27,Subaru,Justy
28,Ford,Crown Victoria
29,Honda,Pilot
30,Suzuki,SX4
31,Infiniti,QX
32,Mitsubishi,Montero
33,Audi,Coupe GT
34,Dodge,Stratus
35,Chevrolet,Impala
36,Chevrolet,Monte Carlo
37,Audi,90
38,Oldsmobile,Bravada
39,Ford,Expedition EL
40,Chevrolet,Silverado 1500
41,Mercedes-Benz,S-Class
42,Lexus,ES
43,Volkswagen,Jetta
44,Pontiac,Grand Prix
45,Chevrolet,Express 2500
46,Hyundai,Tucson
47,Mercedes-Benz,E-Class
48,Chevrolet,HHR
49,Infiniti,M
50,Chevrolet,Sportvan G30
51,Pontiac,Bonneville
52,Chevrolet,Malibu
53,Chevrolet,Traverse
54,Chevrolet,Traverse
55,Land Rover,LR3
56,Mazda,CX-9
57,Dodge,Dakota
58,Kia,Sephia
59,Volkswagen,Eurovan
60,Pontiac,Grand Am
61,Nissan,Pathfinder
62,Volvo,850
63,Nissan,200SX
64,Oldsmobile,88
65,Mazda,929
66,GMC,Yukon XL 2500
67,GMC,Yukon XL 2500
68,Toyota,Yaris
69,Mitsubishi,GTO
70,Bentley,Continental GT
71,Ford,Focus
72,Ford,Focus
73,Mitsubishi,Montero
74,Chevrolet,Sportvan G20
75,Mercedes-Benz,CLS-Class
76,Mercury,Monterey
77,Chevrolet,Express 3500
78,Ford,Mustang
79,Chevrolet,Traverse
80,Mitsubishi,Galant
81,Volkswagen,GLI
82,Suzuki,Grand Vitara
83,Buick,Rainier
84,Pontiac,Sunfire
85,Chevrolet,Suburban 1500
86,Kia,Amanti
87,Chevrolet,Monza
88,BMW,M3
89,Lexus,ES
90,Suzuki,Swift
91,BMW,7 Series
92,Isuzu,Rodeo
93,Geo,Metro
94,Saab,900
95,Cadillac,Fleetwood
96,Mitsubishi,Challenger
97,Ferrari,California
98,Pontiac,LeMans
99,Buick,Estate
100,Mitsubishi,Outlander
