RefurbishmentNumber,InspectionNumber,CarCondition,DateReceived,DateCompleted,RefurbisherID,CarStatus
1,5,Minor Damage,2022-07-04,2022-07-05,101,Refurbishment finished
2,10,Major Damage,2022-07-07,2022-07-08,102,Refurbishment finished
3,15,Minor Damage,2022-11-17,2022-11-18,106,Refurbishment finished
4,20,Minor Damage,2022-04-13,2022-04-14,108,Refurbishment finished
5,25,Minor Damage,2023-01-24,2023-01-25,107,Refurbishment finished
6,30,Major Damage,2022-07-07,2022-07-08,107,Refurbishment finished
7,35,Minor Damage,2022-11-15,2022-11-16,102,Refurbishment finished
8,40,Minor Damage,2023-02-19,2023-02-20,104,Refurbishment finished
9,45,Major Damage,2022-06-04,2022-06-05,103,Refurbishment finished
10,50,Minor Damage,2022-09-12,2022-09-13,102,Refurbishment finished
