SalesRepID,FirstName,LastName,ContactNumber,DealerID
10001,Essa,Wrightam,9123418657,10
10002,Morgun,Forton,3714980569,8
10003,Maddie,Ayton,8026766555,5
10004,Emiline,Riseley,7349043471,4
10005,Constancia,MacNeachtain,8021343272,10
10006,Lyle,Burvill,1091987334,6
10007,Flory,Lyddy,1934686573,6
10008,Rafferty,Cordle,9663333617,2
10009,Simon,Ramshay,7959960208,9
10010,Annemarie,Begin,5867827168,10
10011,Deeyn,Spira,9368570750,10
10012,Feodora,Grandham,6123560596,3
10013,Gayel,Lumsdaine,6841706214,3
10014,Evyn,Rijkeseis,1069137874,6
10015,Dru,Dodding,5137749159,3
10016,Lyndsey,Kennefick,2402923968,9
10017,Marcy,Elcome,5234114848,8
10018,Debbi,Quogan,4156596911,2
10019,Glenn,Levings,3226911706,10
10020,Tarrah,Vasilyonok,7068716623,7
10021,Huntington,Strippel,7901486088,8
10022,Janette,Stabbins,3383435384,4
10023,Maegan,Prettyjohn,8601507818,5
10024,Prudence,Hembling,3924735856,1
10025,Kathye,Perrottet,4114437674,10
10026,Elbertina,Farlam,6911718697,7
10027,Ephrayim,Higgoe,5817559929,10
10028,Mandi,Orris,6479543771,8
10029,Ewen,Benkin,3536544816,10
10030,Agneta,Duinbleton,4061666069,5
