SupplierID,FirstName,LastName,ContactNumber,AddressID
1,Thibaut,O'Dee,3352390667,11
2,Waverley,Boggon,1666276370,12
3,Arin,Blackwell,1098161552,13
4,Luciano,Barrowcliff,1949805442,14
5,Timmie,Stallen,3938064777,15
6,Walker,Paramor,7144261872,16
7,Dredi,Faustian,4044763769,17
8,Row,Bachnic,9782983723,18
9,Monah,Hesser,6207622516,19
10,Mill,Lutty,2812547365,20
11,Nilson,Wanell,2517393869,21
12,Hakeem,Riccardini,7769265699,22
13,Lacie,Summerell,2961203378,23
14,Mort,Leaman,1048600854,24
15,Marvin,Briffett,9605394402,25
16,Paulita,Caveill,7924956243,26
17,Luther,Di Roberto,1424950406,27
18,Trent,Gowry,6441336879,28
19,Kerry,Ciani,6832171092,29
20,Alf,Pougher,9405167913,30
