SET IDENTITY_INSERT [dbo].[Address] ON
GO

insert into Address (AddressID , Street, City, State, ZipCode) values (1, '15 Glendale Court', 'New Haven', 'Connecticut', '06538');
insert into Address (AddressID , Street, City, State, ZipCode) values (2, '3573 Clarendon Drive', 'Lynn', 'Massachusetts', '01905');
insert into Address (AddressID , Street, City, State, ZipCode) values (3, '90 Longview Crossing', 'New Haven', 'Connecticut', '06520');
insert into Address (AddressID , Street, City, State, ZipCode) values (4, '01 Donald Road', 'Stamford', 'Connecticut', '06912');
insert into Address (AddressID , Street, City, State, ZipCode) values (5, '173 Dayton Avenue', 'Stamford', 'Connecticut', '06912');
insert into Address (AddressID , Street, City, State, ZipCode) values (6, '08154 Little Fleur Center', 'Worcester', 'Massachusetts', '01654');
insert into Address (AddressID , Street, City, State, ZipCode) values (7, '59185 Arrowood Court', 'New Haven', 'Connecticut', '06520');
insert into Address (AddressID , Street, City, State, ZipCode) values (8, '02166 Grim Lane', 'Hartford', 'Connecticut', '06145');
insert into Address (AddressID , Street, City, State, ZipCode) values (9, '12 Kinsman Way', 'Woburn', 'Massachusetts', '01813');
insert into Address (AddressID , Street, City, State, ZipCode) values (10, '6 Ilene Point', 'Worcester', 'Massachusetts', '01610');
insert into Address (AddressID , Street, City, State, ZipCode) values (11, '51 Coolidge Crossing', 'Portsmouth', 'New Hampshire', '03804');
insert into Address (AddressID , Street, City, State, ZipCode) values (12, '927 Barby Drive', 'Montpelier', 'Vermont', '05609');
insert into Address (AddressID , Street, City, State, ZipCode) values (13, '86618 Kim Park', 'Springfield', 'Massachusetts', '01152');
insert into Address (AddressID , Street, City, State, ZipCode) values (14, '53 Logan Road', 'Bridgeport', 'Connecticut', '06673');
insert into Address (AddressID , Street, City, State, ZipCode) values (15, '7792 Pond Pass', 'Fairfield', 'Connecticut', '06825');
insert into Address (AddressID , Street, City, State, ZipCode) values (16, '8 Prairie Rose Drive', 'Hartford', 'Connecticut', '06160');
insert into Address (AddressID , Street, City, State, ZipCode) values (17, '8 Kennedy Terrace', 'New Haven', 'Connecticut', '06510');
insert into Address (AddressID , Street, City, State, ZipCode) values (18, '94467 Schmedeman Lane', 'Newton', 'Massachusetts', '02162');
insert into Address (AddressID , Street, City, State, ZipCode) values (19, '3 Arkansas Alley', 'Brockton', 'Massachusetts', '02405');
insert into Address (AddressID , Street, City, State, ZipCode) values (20, '3134 Sullivan Parkway', 'New Haven', 'Connecticut', '06505');
insert into Address (AddressID , Street, City, State, ZipCode) values (21, '05397 Helena Plaza', 'Stamford', 'Connecticut', '06905');
insert into Address (AddressID , Street, City, State, ZipCode) values (22, '0519 Scoville Avenue', 'Stamford', 'Connecticut', '06912');
insert into Address (AddressID , Street, City, State, ZipCode) values (23, '3 School Pass', 'Hartford', 'Connecticut', '06160');
insert into Address (AddressID , Street, City, State, ZipCode) values (24, '61 Waubesa Avenue', 'Springfield', 'Massachusetts', '01152');
insert into Address (AddressID , Street, City, State, ZipCode) values (25, '4 Pankratz Way', 'Boston', 'Massachusetts', '02283');
insert into Address (AddressID , Street, City, State, ZipCode) values (26, '8504 Carpenter Way', 'Worcester', 'Massachusetts', '01605');
insert into Address (AddressID , Street, City, State, ZipCode) values (27, '397 Farragut Terrace', 'Waterbury', 'Connecticut', '06721');
insert into Address (AddressID , Street, City, State, ZipCode) values (28, '22513 Scoville Trail', 'Boston', 'Massachusetts', '02163');
insert into Address (AddressID , Street, City, State, ZipCode) values (29, '57290 Warner Terrace', 'Hartford', 'Connecticut', '06183');
insert into Address (AddressID , Street, City, State, ZipCode) values (30, '9 Crowley Avenue', 'New Bedford', 'Massachusetts', '02745');
insert into Address (AddressID , Street, City, State, ZipCode) values (31, '03 Northport Plaza', 'Manchester', 'New Hampshire', '03105');
insert into Address (AddressID , Street, City, State, ZipCode) values (32, '24660 Talisman Hill', 'New Haven', 'Connecticut', '06510');
insert into Address (AddressID , Street, City, State, ZipCode) values (33, '99 Fieldstone Lane', 'Brockton', 'Massachusetts', '02405');
insert into Address (AddressID , Street, City, State, ZipCode) values (34, '75 Eagle Crest Plaza', 'Boston', 'Massachusetts', '02208');
insert into Address (AddressID , Street, City, State, ZipCode) values (35, '60124 Blackbird Way', 'Hartford', 'Connecticut', '06152');
insert into Address (AddressID , Street, City, State, ZipCode) values (36, '639 Stuart Pass', 'Newton', 'Massachusetts', '02162');
insert into Address (AddressID , Street, City, State, ZipCode) values (37, '5 Duke Hill', 'Newton', 'Massachusetts', '02162');
insert into Address (AddressID , Street, City, State, ZipCode) values (38, '94 Mandrake Park', 'Danbury', 'Connecticut', '06816');
insert into Address (AddressID , Street, City, State, ZipCode) values (39, '3296 Namekagon Avenue', 'Boston', 'Massachusetts', '02124');
insert into Address (AddressID , Street, City, State, ZipCode) values (40, '08770 Browning Point', 'Danbury', 'Connecticut', '06816');
insert into Address (AddressID , Street, City, State, ZipCode) values (41, '562 Sycamore Terrace', 'Lynn', 'Massachusetts', '01905');
insert into Address (AddressID , Street, City, State, ZipCode) values (42, '00920 Burning Wood Pass', 'Boston', 'Massachusetts', '02203');
insert into Address (AddressID , Street, City, State, ZipCode) values (43, '3 Montana Alley', 'Hartford', 'Connecticut', '06105');
insert into Address (AddressID , Street, City, State, ZipCode) values (44, '8607 Hermina Park', 'Portland', 'Maine', '04109');
insert into Address (AddressID , Street, City, State, ZipCode) values (45, '2231 Debs Center', 'West Hartford', 'Connecticut', '06127');
insert into Address (AddressID , Street, City, State, ZipCode) values (46, '2 Anniversary Parkway', 'Hartford', 'Connecticut', '06140');
insert into Address (AddressID , Street, City, State, ZipCode) values (47, '0 Porter Court', 'Brockton', 'Massachusetts', '02405');
insert into Address (AddressID , Street, City, State, ZipCode) values (48, '18 Waywood Road', 'Hartford', 'Connecticut', '06120');
insert into Address (AddressID , Street, City, State, ZipCode) values (49, '46865 Briar Crest Alley', 'Boston', 'Massachusetts', '02298');
insert into Address (AddressID , Street, City, State, ZipCode) values (50, '63013 Bunting Park', 'Hartford', 'Connecticut', '06152');
insert into Address (AddressID , Street, City, State, ZipCode) values (51, '97 Norway Maple Terrace', 'Boston', 'Massachusetts', '02104');
insert into Address (AddressID , Street, City, State, ZipCode) values (52, '22183 Loftsgordon Junction', 'Boston', 'Massachusetts', '02104');
insert into Address (AddressID , Street, City, State, ZipCode) values (53, '86 Lakewood Lane', 'Cambridge', 'Massachusetts', '02142');
insert into Address (AddressID , Street, City, State, ZipCode) values (54, '396 Starling Street', 'Watertown', 'Massachusetts', '02472');
insert into Address (AddressID , Street, City, State, ZipCode) values (55, '38 Lake View Court', 'Waterbury', 'Connecticut', '06721');
insert into Address (AddressID , Street, City, State, ZipCode) values (56, '23010 Fulton Hill', 'Springfield', 'Massachusetts', '01129');
insert into Address (AddressID , Street, City, State, ZipCode) values (57, '71408 Quincy Crossing', 'Bridgeport', 'Connecticut', '06606');
insert into Address (AddressID , Street, City, State, ZipCode) values (58, '1 Lillian Alley', 'Stamford', 'Connecticut', '06905');
insert into Address (AddressID , Street, City, State, ZipCode) values (59, '4 Morrow Court', 'Waterbury', 'Connecticut', '06705');
insert into Address (AddressID , Street, City, State, ZipCode) values (60, '7 2nd Lane', 'Stamford', 'Connecticut', '06912');
insert into Address (AddressID , Street, City, State, ZipCode) values (61, '16 Logan Hill', 'Boston', 'Massachusetts', '02163');
insert into Address (AddressID , Street, City, State, ZipCode) values (62, '71127 Toban Place', 'Fairfield', 'Connecticut', '06825');
insert into Address (AddressID , Street, City, State, ZipCode) values (63, '677 Cordelia Lane', 'New Haven', 'Connecticut', '06505');
insert into Address (AddressID , Street, City, State, ZipCode) values (64, '14767 Lillian Center', 'Hartford', 'Connecticut', '06105');
insert into Address (AddressID , Street, City, State, ZipCode) values (65, '417 Cambridge Hill', 'Boston', 'Massachusetts', '02124');
insert into Address (AddressID , Street, City, State, ZipCode) values (66, '42452 Schmedeman Avenue', 'Hartford', 'Connecticut', '06120');
insert into Address (AddressID , Street, City, State, ZipCode) values (67, '196 Hanson Point', 'Boston', 'Massachusetts', '02216');
insert into Address (AddressID , Street, City, State, ZipCode) values (68, '014 Crest Line Pass', 'Manchester', 'New Hampshire', '03105');
insert into Address (AddressID , Street, City, State, ZipCode) values (69, '39 Victoria Trail', 'Boston', 'Massachusetts', '02104');
insert into Address (AddressID , Street, City, State, ZipCode) values (70, '1 Barby Junction', 'Hartford', 'Connecticut', '06160');
insert into Address (AddressID , Street, City, State, ZipCode) values (71, '573 Eastwood Plaza', 'Hartford', 'Connecticut', '06105');
insert into Address (AddressID , Street, City, State, ZipCode) values (72, '4049 Lyons Place', 'Waterbury', 'Connecticut', '06721');
insert into Address (AddressID , Street, City, State, ZipCode) values (73, '1 Northwestern Hill', 'Stamford', 'Connecticut', '06922');
insert into Address (AddressID , Street, City, State, ZipCode) values (74, '8191 Grayhawk Way', 'Brockton', 'Massachusetts', '02305');
insert into Address (AddressID , Street, City, State, ZipCode) values (75, '1 Anthes Lane', 'Manchester', 'New Hampshire', '03105');
insert into Address (AddressID , Street, City, State, ZipCode) values (76, '72174 Farragut Terrace', 'Worcester', 'Massachusetts', '01605');
insert into Address (AddressID , Street, City, State, ZipCode) values (77, '25 Sunnyside Hill', 'New Haven', 'Connecticut', '06520');
insert into Address (AddressID , Street, City, State, ZipCode) values (78, '126 Heath Parkway', 'Lynn', 'Massachusetts', '01905');
insert into Address (AddressID , Street, City, State, ZipCode) values (79, '2531 Morning Circle', 'New Haven', 'Connecticut', '06520');
insert into Address (AddressID , Street, City, State, ZipCode) values (80, '21 Blackbird Crossing', 'Boston', 'Massachusetts', '02119');
insert into Address (AddressID , Street, City, State, ZipCode) values (81, '7224 Warbler Pass', 'New Haven', 'Connecticut', '06538');
insert into Address (AddressID , Street, City, State, ZipCode) values (82, '7 Mendota Avenue', 'Watertown', 'Massachusetts', '02472');
insert into Address (AddressID , Street, City, State, ZipCode) values (83, '45693 Buena Vista Street', 'Bridgeport', 'Connecticut', '06673');
insert into Address (AddressID , Street, City, State, ZipCode) values (84, '04 Kensington Center', 'Hartford', 'Connecticut', '06105');
insert into Address (AddressID , Street, City, State, ZipCode) values (85, '96535 Jay Junction', 'Boston', 'Massachusetts', '02203');
insert into Address (AddressID , Street, City, State, ZipCode) values (86, '2 Monica Terrace', 'Springfield', 'Massachusetts', '01105');
insert into Address (AddressID , Street, City, State, ZipCode) values (87, '58 Corry Crossing', 'New Haven', 'Connecticut', '06520');
insert into Address (AddressID , Street, City, State, ZipCode) values (88, '2 Golf View Road', 'Boston', 'Massachusetts', '02203');
insert into Address (AddressID , Street, City, State, ZipCode) values (89, '4 Graedel Place', 'Portsmouth', 'New Hampshire', '00214');
insert into Address (AddressID , Street, City, State, ZipCode) values (90, '15 Haas Alley', 'Boston', 'Massachusetts', '02119');
insert into Address (AddressID , Street, City, State, ZipCode) values (91, '1227 Morning Court', 'Watertown', 'Massachusetts', '02472');
insert into Address (AddressID , Street, City, State, ZipCode) values (92, '002 Parkside Hill', 'Norwalk', 'Connecticut', '06854');
insert into Address (AddressID , Street, City, State, ZipCode) values (93, '55 Arrowood Pass', 'Bridgeport', 'Connecticut', '06606');
insert into Address (AddressID , Street, City, State, ZipCode) values (94, '8071 Dexter Crossing', 'Hartford', 'Connecticut', '06152');
insert into Address (AddressID , Street, City, State, ZipCode) values (95, '5 Kinsman Street', 'Boston', 'Massachusetts', '02283');
insert into Address (AddressID , Street, City, State, ZipCode) values (96, '3844 Chive Street', 'Bridgeport', 'Connecticut', '06673');
insert into Address (AddressID , Street, City, State, ZipCode) values (97, '0599 Dovetail Terrace', 'Stamford', 'Connecticut', '06922');
insert into Address (AddressID , Street, City, State, ZipCode) values (98, '5 6th Point', 'Manchester', 'New Hampshire', '03105');
insert into Address (AddressID , Street, City, State, ZipCode) values (99, '4 Donald Avenue', 'Woburn', 'Massachusetts', '01813');
insert into Address (AddressID , Street, City, State, ZipCode) values (100, '90 New Castle Park', 'Bridgeport', 'Connecticut', '06606');

SET IDENTITY_INSERT [dbo].[Address] OFF
GO

SET IDENTITY_INSERT [dbo].[Model] ON
GO

insert into Model (ModelID, CarMake, CarModel) values (1, 'Mazda', '626');
insert into Model (ModelID, CarMake, CarModel) values (2, 'Toyota', 'T100');
insert into Model (ModelID, CarMake, CarModel) values (3, 'Oldsmobile', 'Bravada');
insert into Model (ModelID, CarMake, CarModel) values (4, 'Mazda', 'RX-8');
insert into Model (ModelID, CarMake, CarModel) values (5, 'Cadillac', 'DeVille');
insert into Model (ModelID, CarMake, CarModel) values (6, 'Chevrolet', 'Suburban 1500');
insert into Model (ModelID, CarMake, CarModel) values (7, 'Pontiac', '1000');
insert into Model (ModelID, CarMake, CarModel) values (8, 'Chevrolet', 'Express 1500');
insert into Model (ModelID, CarMake, CarModel) values (9, 'Lamborghini', 'Diablo');
insert into Model (ModelID, CarMake, CarModel) values (10, 'Pontiac', 'Trans Sport');
insert into Model (ModelID, CarMake, CarModel) values (11, 'Oldsmobile', 'Silhouette');
insert into Model (ModelID, CarMake, CarModel) values (12, 'Ford', 'Escape');
insert into Model (ModelID, CarMake, CarModel) values (13, 'Rolls-Royce', 'Phantom');
insert into Model (ModelID, CarMake, CarModel) values (14, 'Hummer', 'H1');
insert into Model (ModelID, CarMake, CarModel) values (15, 'Jeep', 'Wrangler');
insert into Model (ModelID, CarMake, CarModel) values (16, 'Dodge', 'D150');
insert into Model (ModelID, CarMake, CarModel) values (17, 'Suzuki', 'XL-7');
insert into Model (ModelID, CarMake, CarModel) values (18, 'Mitsubishi', 'Mirage');
insert into Model (ModelID, CarMake, CarModel) values (19, 'Audi', 'A8');
insert into Model (ModelID, CarMake, CarModel) values (20, 'Porsche', 'Boxster');
insert into Model (ModelID, CarMake, CarModel) values (21, 'Dodge', 'Ram 2500');
insert into Model (ModelID, CarMake, CarModel) values (22, 'Chrysler', '300');
insert into Model (ModelID, CarMake, CarModel) values (23, 'GMC', '1500 Club Coupe');
insert into Model (ModelID, CarMake, CarModel) values (24, 'Hyundai', 'Genesis');
insert into Model (ModelID, CarMake, CarModel) values (25, 'Volkswagen', 'Touareg');
insert into Model (ModelID, CarMake, CarModel) values (26, 'Volvo', 'S60');
insert into Model (ModelID, CarMake, CarModel) values (27, 'Subaru', 'Justy');
insert into Model (ModelID, CarMake, CarModel) values (28, 'Ford', 'Crown Victoria');
insert into Model (ModelID, CarMake, CarModel) values (29, 'Honda', 'Pilot');
insert into Model (ModelID, CarMake, CarModel) values (30, 'Suzuki', 'SX4');
insert into Model (ModelID, CarMake, CarModel) values (31, 'Infiniti', 'QX');
insert into Model (ModelID, CarMake, CarModel) values (32, 'Mitsubishi', 'Montero');
insert into Model (ModelID, CarMake, CarModel) values (33, 'Audi', 'Coupe GT');
insert into Model (ModelID, CarMake, CarModel) values (34, 'Dodge', 'Stratus');
insert into Model (ModelID, CarMake, CarModel) values (35, 'Chevrolet', 'Impala');
insert into Model (ModelID, CarMake, CarModel) values (36, 'Chevrolet', 'Monte Carlo');
insert into Model (ModelID, CarMake, CarModel) values (37, 'Audi', '90');
insert into Model (ModelID, CarMake, CarModel) values (38, 'Oldsmobile', 'Bravada');
insert into Model (ModelID, CarMake, CarModel) values (39, 'Ford', 'Expedition EL');
insert into Model (ModelID, CarMake, CarModel) values (40, 'Chevrolet', 'Silverado 1500');
insert into Model (ModelID, CarMake, CarModel) values (41, 'Mercedes-Benz', 'S-Class');
insert into Model (ModelID, CarMake, CarModel) values (42, 'Lexus', 'ES');
insert into Model (ModelID, CarMake, CarModel) values (43, 'Volkswagen', 'Jetta');
insert into Model (ModelID, CarMake, CarModel) values (44, 'Pontiac', 'Grand Prix');
insert into Model (ModelID, CarMake, CarModel) values (45, 'Chevrolet', 'Express 2500');
insert into Model (ModelID, CarMake, CarModel) values (46, 'Hyundai', 'Tucson');
insert into Model (ModelID, CarMake, CarModel) values (47, 'Mercedes-Benz', 'E-Class');
insert into Model (ModelID, CarMake, CarModel) values (48, 'Chevrolet', 'HHR');
insert into Model (ModelID, CarMake, CarModel) values (49, 'Infiniti', 'M');
insert into Model (ModelID, CarMake, CarModel) values (50, 'Chevrolet', 'Sportvan G30');
insert into Model (ModelID, CarMake, CarModel) values (51, 'Pontiac', 'Bonneville');
insert into Model (ModelID, CarMake, CarModel) values (52, 'Chevrolet', 'Malibu');
insert into Model (ModelID, CarMake, CarModel) values (53, 'Chevrolet', 'Traverse');
insert into Model (ModelID, CarMake, CarModel) values (54, 'Chevrolet', 'Traverse');
insert into Model (ModelID, CarMake, CarModel) values (55, 'Land Rover', 'LR3');
insert into Model (ModelID, CarMake, CarModel) values (56, 'Mazda', 'CX-9');
insert into Model (ModelID, CarMake, CarModel) values (57, 'Dodge', 'Dakota');
insert into Model (ModelID, CarMake, CarModel) values (58, 'Kia', 'Sephia');
insert into Model (ModelID, CarMake, CarModel) values (59, 'Volkswagen', 'Eurovan');
insert into Model (ModelID, CarMake, CarModel) values (60, 'Pontiac', 'Grand Am');
insert into Model (ModelID, CarMake, CarModel) values (61, 'Nissan', 'Pathfinder');
insert into Model (ModelID, CarMake, CarModel) values (62, 'Volvo', '850');
insert into Model (ModelID, CarMake, CarModel) values (63, 'Nissan', '200SX');
insert into Model (ModelID, CarMake, CarModel) values (64, 'Oldsmobile', '88');
insert into Model (ModelID, CarMake, CarModel) values (65, 'Mazda', '929');
insert into Model (ModelID, CarMake, CarModel) values (66, 'GMC', 'Yukon XL 2500');
insert into Model (ModelID, CarMake, CarModel) values (67, 'GMC', 'Yukon XL 2500');
insert into Model (ModelID, CarMake, CarModel) values (68, 'Toyota', 'Yaris');
insert into Model (ModelID, CarMake, CarModel) values (69, 'Mitsubishi', 'GTO');
insert into Model (ModelID, CarMake, CarModel) values (70, 'Bentley', 'Continental GT');
insert into Model (ModelID, CarMake, CarModel) values (71, 'Ford', 'Focus');
insert into Model (ModelID, CarMake, CarModel) values (72, 'Ford', 'Focus');
insert into Model (ModelID, CarMake, CarModel) values (73, 'Mitsubishi', 'Montero');
insert into Model (ModelID, CarMake, CarModel) values (74, 'Chevrolet', 'Sportvan G20');
insert into Model (ModelID, CarMake, CarModel) values (75, 'Mercedes-Benz', 'CLS-Class');
insert into Model (ModelID, CarMake, CarModel) values (76, 'Mercury', 'Monterey');
insert into Model (ModelID, CarMake, CarModel) values (77, 'Chevrolet', 'Express 3500');
insert into Model (ModelID, CarMake, CarModel) values (78, 'Ford', 'Mustang');
insert into Model (ModelID, CarMake, CarModel) values (79, 'Chevrolet', 'Traverse');
insert into Model (ModelID, CarMake, CarModel) values (80, 'Mitsubishi', 'Galant');
insert into Model (ModelID, CarMake, CarModel) values (81, 'Volkswagen', 'GLI');
insert into Model (ModelID, CarMake, CarModel) values (82, 'Suzuki', 'Grand Vitara');
insert into Model (ModelID, CarMake, CarModel) values (83, 'Buick', 'Rainier');
insert into Model (ModelID, CarMake, CarModel) values (84, 'Pontiac', 'Sunfire');
insert into Model (ModelID, CarMake, CarModel) values (85, 'Chevrolet', 'Suburban 1500');
insert into Model (ModelID, CarMake, CarModel) values (86, 'Kia', 'Amanti');
insert into Model (ModelID, CarMake, CarModel) values (87, 'Chevrolet', 'Monza');
insert into Model (ModelID, CarMake, CarModel) values (88, 'BMW', 'M3');
insert into Model (ModelID, CarMake, CarModel) values (89, 'Lexus', 'ES');
insert into Model (ModelID, CarMake, CarModel) values (90, 'Suzuki', 'Swift');
insert into Model (ModelID, CarMake, CarModel) values (91, 'BMW', '7 Series');
insert into Model (ModelID, CarMake, CarModel) values (92, 'Isuzu', 'Rodeo');
insert into Model (ModelID, CarMake, CarModel) values (93, 'Geo', 'Metro');
insert into Model (ModelID, CarMake, CarModel) values (94, 'Saab', '900');
insert into Model (ModelID, CarMake, CarModel) values (95, 'Cadillac', 'Fleetwood');
insert into Model (ModelID, CarMake, CarModel) values (96, 'Mitsubishi', 'Challenger');
insert into Model (ModelID, CarMake, CarModel) values (97, 'Ferrari', 'California');
insert into Model (ModelID, CarMake, CarModel) values (98, 'Pontiac', 'LeMans');
insert into Model (ModelID, CarMake, CarModel) values (99, 'Buick', 'Estate');
insert into Model (ModelID, CarMake, CarModel) values (100, 'Mitsubishi', 'Outlander');

SET IDENTITY_INSERT [dbo].[Model] OFF
GO

SET IDENTITY_INSERT [dbo].[Dealer] ON
GO

insert into Dealer (DealerID, DealershipName, AddressID) values (1, 'Hickle LLC', 1);
insert into Dealer (DealerID, DealershipName, AddressID) values (2, 'Rippin, Thompson and Kulas', 2);
insert into Dealer (DealerID, DealershipName, AddressID) values (3, 'Stracke-Schaden', 3);
insert into Dealer (DealerID, DealershipName, AddressID) values (4, 'Sanford Inc', 4);
insert into Dealer (DealerID, DealershipName, AddressID) values (5, 'Marvin-Ratke', 5);
insert into Dealer (DealerID, DealershipName, AddressID) values (6, 'Spinka-Rogahn', 6);
insert into Dealer (DealerID, DealershipName, AddressID) values (7, 'Wilkinson LLC', 7);
insert into Dealer (DealerID, DealershipName, AddressID) values (8, 'Gottlieb-Ryan', 8);
insert into Dealer (DealerID, DealershipName, AddressID) values (9, 'Thompson, Windler and Daugherty', 9);
insert into Dealer (DealerID, DealershipName, AddressID) values (10, 'Volkman-Farrell', 10);

SET IDENTITY_INSERT [dbo].[Dealer] OFF
GO

SET IDENTITY_INSERT [dbo].[Supplier] ON
GO

insert into Supplier (SupplierID, FirstName, LastName, ContactNumber, AddressID) values (1, 'Thibaut', 'O''Dee', '3352390667', 11);
insert into Supplier (SupplierID, FirstName, LastName, ContactNumber, AddressID) values (2, 'Waverley', 'Boggon', '1666276370', 12);
insert into Supplier (SupplierID, FirstName, LastName, ContactNumber, AddressID) values (3, 'Arin', 'Blackwell', '1098161552', 13);
insert into Supplier (SupplierID, FirstName, LastName, ContactNumber, AddressID) values (4, 'Luciano', 'Barrowcliff', '1949805442', 14);
insert into Supplier (SupplierID, FirstName, LastName, ContactNumber, AddressID) values (5, 'Timmie', 'Stallen', '3938064777', 15);
insert into Supplier (SupplierID, FirstName, LastName, ContactNumber, AddressID) values (6, 'Walker', 'Paramor', '7144261872', 16);
insert into Supplier (SupplierID, FirstName, LastName, ContactNumber, AddressID) values (7, 'Dredi', 'Faustian', '4044763769', 17);
insert into Supplier (SupplierID, FirstName, LastName, ContactNumber, AddressID) values (8, 'Row', 'Bachnic', '9782983723', 18);
insert into Supplier (SupplierID, FirstName, LastName, ContactNumber, AddressID) values (9, 'Monah', 'Hesser', '6207622516', 19);
insert into Supplier (SupplierID, FirstName, LastName, ContactNumber, AddressID) values (10, 'Mill', 'Lutty', '2812547365', 20);
insert into Supplier (SupplierID, FirstName, LastName, ContactNumber, AddressID) values (11, 'Nilson', 'Wanell', '2517393869', 21);
insert into Supplier (SupplierID, FirstName, LastName, ContactNumber, AddressID) values (12, 'Hakeem', 'Riccardini', '7769265699', 22);
insert into Supplier (SupplierID, FirstName, LastName, ContactNumber, AddressID) values (13, 'Lacie', 'Summerell', '2961203378', 23);
insert into Supplier (SupplierID, FirstName, LastName, ContactNumber, AddressID) values (14, 'Mort', 'Leaman', '1048600854', 24);
insert into Supplier (SupplierID, FirstName, LastName, ContactNumber, AddressID) values (15, 'Marvin', 'Briffett', '9605394402', 25);
insert into Supplier (SupplierID, FirstName, LastName, ContactNumber, AddressID) values (16, 'Paulita', 'Caveill', '7924956243', 26);
insert into Supplier (SupplierID, FirstName, LastName, ContactNumber, AddressID) values (17, 'Luther', 'Di Roberto', '1424950406', 27);
insert into Supplier (SupplierID, FirstName, LastName, ContactNumber, AddressID) values (18, 'Trent', 'Gowry', '6441336879', 28);
insert into Supplier (SupplierID, FirstName, LastName, ContactNumber, AddressID) values (19, 'Kerry', 'Ciani', '6832171092', 29);
insert into Supplier (SupplierID, FirstName, LastName, ContactNumber, AddressID) values (20, 'Alf', 'Pougher', '9405167913', 30);

SET IDENTITY_INSERT [dbo].[Supplier] OFF
GO

insert into Car (VIN, LicensePlate, ModelID, TransmissionType, Colour, YearOfManufacturing, EngineDisplacement, OriginalPrice, OdometerReading, EngineType, BodyType) values ('19XFB2F50EE229862', 'AC9885', 1, 'Automatic', 'Blue', 2007, '3L', '40000', '70104', 'ESS', 'SUV');
insert into Car (VIN, LicensePlate, ModelID, TransmissionType, Colour, YearOfManufacturing, EngineDisplacement, OriginalPrice, OdometerReading, EngineType, BodyType) values ('1FAHP53U75A290562', '5RLF739', 2, 'Manual', 'Purple', 1999, '2L', '20000', '121030', 'ESS', 'Sedan');
insert into Car (VIN, LicensePlate, ModelID, TransmissionType, Colour, YearOfManufacturing, EngineDisplacement, OriginalPrice, OdometerReading, EngineType, BodyType) values ('JM1CR29368033937', 'SC21742', 3, 'Automatic', 'Maroon', 2002, '3L', '35000', '155568', 'DSL', 'Sedan');
insert into Car (VIN, LicensePlate, ModelID, TransmissionType, Colour, YearOfManufacturing, EngineDisplacement, OriginalPrice, OdometerReading, EngineType, BodyType) values ('3FA6P0H91DR350872', 'ITZH24', 4, 'Automatic', 'Aquamarine', 2011, '6L', '45000', '100019', 'ESS', 'Coupe');
insert into Car (VIN, LicensePlate, ModelID, TransmissionType, Colour, YearOfManufacturing, EngineDisplacement, OriginalPrice, OdometerReading, EngineType, BodyType) values ('2HKYF18173H544488', 'BLR7897', 5, 'Automatic', 'Blue', 2006, '3L', '40000', '62304', 'ESS', 'SUV');
insert into Car (VIN, LicensePlate, ModelID, TransmissionType, Colour, YearOfManufacturing, EngineDisplacement, OriginalPrice, OdometerReading, EngineType, BodyType) values ('1D4GP45R25B293360', 'BYY4481', 6, 'Manual', 'Blue', 1993, '2L', '15000', '180201', 'ESS', 'Sedan');
insert into Car (VIN, LicensePlate, ModelID, TransmissionType, Colour, YearOfManufacturing, EngineDisplacement, OriginalPrice, OdometerReading, EngineType, BodyType) values ('JH4KA826XPC021015', '5RIN189', 7, 'Automatic', 'Pink', 2003, '3L', '42000', '42345', 'DSL', 'Hatchback');
insert into Car (VIN, LicensePlate, ModelID, TransmissionType, Colour, YearOfManufacturing, EngineDisplacement, OriginalPrice, OdometerReading, EngineType, BodyType) values ('2HKRM4H59DH677897', 'AR99718', 8, 'Manual', 'Crimson', 1993, '2L', '48000', '89883', 'ESS', 'Sedan');
insert into Car (VIN, LicensePlate, ModelID, TransmissionType, Colour, YearOfManufacturing, EngineDisplacement, OriginalPrice, OdometerReading, EngineType, BodyType) values ('1N4AL3AP1FC187884', '8EHZ261', 9, 'Manual', 'Green', 1986, '2L', '10000', '111006', 'ESS', 'Hatchback');
insert into Car (VIN, LicensePlate, ModelID, TransmissionType, Colour, YearOfManufacturing, EngineDisplacement, OriginalPrice, OdometerReading, EngineType, BodyType) values ('1FTKR4EE1APA34614', '8AYZ073', 10, 'Manual', 'Mauv', 1998, '3L', '35000', '142320', 'ESS', 'Sedan');
insert into Car (VIN, LicensePlate, ModelID, TransmissionType, Colour, YearOfManufacturing, EngineDisplacement, OriginalPrice, OdometerReading, EngineType, BodyType) values ('1FMPU18L1XLC91216', '8EQL612', 11, 'Manual', 'Yellow', 1994, '2L', '26000', '68005', 'ESS', 'Sedan');
insert into Car (VIN, LicensePlate, ModelID, TransmissionType, Colour, YearOfManufacturing, EngineDisplacement, OriginalPrice, OdometerReading, EngineType, BodyType) values ('JN8AS5MV0BW675983', '35198R1', 12, 'Manual', 'Khaki', 1998, '3L', '36000', '73420', 'DSL', 'Sedan');
insert into Car (VIN, LicensePlate, ModelID, TransmissionType, Colour, YearOfManufacturing, EngineDisplacement, OriginalPrice, OdometerReading, EngineType, BodyType) values ('JH4CU2F49DC063477', 'XA1H9T', 13, 'Manual', 'Aquamarine', 1994, '3L', '38000', '86954', 'ESS', 'Sedan');
insert into Car (VIN, LicensePlate, ModelID, TransmissionType, Colour, YearOfManufacturing, EngineDisplacement, OriginalPrice, OdometerReading, EngineType, BodyType) values ('1C6RR6KT5ES361931', '979HZ', 14, 'Manual', 'Blue', 1992, '2L', '20000', '166505', 'ESS', 'Sedan');
insert into Car (VIN, LicensePlate, ModelID, TransmissionType, Colour, YearOfManufacturing, EngineDisplacement, OriginalPrice, OdometerReading, EngineType, BodyType) values ('2G1FF1EV2A9268888', 'UYT721', 15, 'Automatic', 'Puce', 2006, '5L', '40000', '88000', 'DSL', 'Sedan');
insert into Car (VIN, LicensePlate, ModelID, TransmissionType, Colour, YearOfManufacturing, EngineDisplacement, OriginalPrice, OdometerReading, EngineType, BodyType) values ('1FTYR14U31PA11806', 'M179032', 16, 'Automatic', 'Pink', 2003, '3L', '42000', '57005', 'ESS', 'Hatchback');
insert into Car (VIN, LicensePlate, ModelID, TransmissionType, Colour, YearOfManufacturing, EngineDisplacement, OriginalPrice, OdometerReading, EngineType, BodyType) values ('KM8JU3ACXBU140423', 'H2675', 17, 'Automatic', 'Violet', 2009, '5L', '45000', '56004', 'ESS', 'Coupe');
insert into Car (VIN, LicensePlate, ModelID, TransmissionType, Colour, YearOfManufacturing, EngineDisplacement, OriginalPrice, OdometerReading, EngineType, BodyType) values ('KNADE163886300739', '8DSE291', 18, 'Automatic', 'Crimson', 2008, '3L', '41000', '75512', 'HEV', 'SUV');
insert into Car (VIN, LicensePlate, ModelID, TransmissionType, Colour, YearOfManufacturing, EngineDisplacement, OriginalPrice, OdometerReading, EngineType, BodyType) values ('JN8AZ1MU9CW167301', '7WIF400', 19, 'Manual', 'Indigo', 1995, '2L', '27000', '199189', 'DSL', 'Sedan');
insert into Car (VIN, LicensePlate, ModelID, TransmissionType, Colour, YearOfManufacturing, EngineDisplacement, OriginalPrice, OdometerReading, EngineType, BodyType) values ('1MEFM50U72G618813', 'HDU4009', 20, 'Automatic', 'Purple', 2006, '3L', '60000', '183587', 'ESS', 'SUV');
insert into Car (VIN, LicensePlate, ModelID, TransmissionType, Colour, YearOfManufacturing, EngineDisplacement, OriginalPrice, OdometerReading, EngineType, BodyType) values ('5TDKK4CC2AS339115', 'GLW6687', 21, 'Automatic', 'Teal', 2005, '3L', '51000', '152069', 'ESS', 'Sedan');
insert into Car (VIN, LicensePlate, ModelID, TransmissionType, Colour, YearOfManufacturing, EngineDisplacement, OriginalPrice, OdometerReading, EngineType, BodyType) values ('3VWRK69M23M006035', '6YIG446', 22, 'Automatic', 'Crimson', 2003, '3L', '38000', '135295', 'DSL', 'Sedan');
insert into Car (VIN, LicensePlate, ModelID, TransmissionType, Colour, YearOfManufacturing, EngineDisplacement, OriginalPrice, OdometerReading, EngineType, BodyType) values ('1NXBR32E65Z449753', '3C45208', 23, 'Manual', 'Pink', 1996, '3L', '35000', '123937', 'ESS', 'Sedan');
insert into Car (VIN, LicensePlate, ModelID, TransmissionType, Colour, YearOfManufacturing, EngineDisplacement, OriginalPrice, OdometerReading, EngineType, BodyType) values ('1FTFW1CF0DFD80085', 'PJW762', 24, 'Automatic', 'Mauv', 1993, '2L', '32000', '164189', 'ESS', 'Hatchback');
insert into Car (VIN, LicensePlate, ModelID, TransmissionType, Colour, YearOfManufacturing, EngineDisplacement, OriginalPrice, OdometerReading, EngineType, BodyType) values ('1G1JC12F857140680', 'OYB3849', 25, 'Automatic', 'Red', 2007, '3L', '40000', '130562', 'DSL', 'SUV');
insert into Car (VIN, LicensePlate, ModelID, TransmissionType, Colour, YearOfManufacturing, EngineDisplacement, OriginalPrice, OdometerReading, EngineType, BodyType) values ('3D73Y3CL7AG150610', '4LEA921', 26, 'Automatic', 'Purple', 1995, '3L', '42000', '154878', 'ESS', 'Sedan');
insert into Car (VIN, LicensePlate, ModelID, TransmissionType, Colour, YearOfManufacturing, EngineDisplacement, OriginalPrice, OdometerReading, EngineType, BodyType) values ('1FTPX14V28FB30800', '8G19042', 27, 'Automatic', 'Violet', 2002, '3L', '53000', '97826', 'DSL', 'Sedan');
insert into Car (VIN, LicensePlate, ModelID, TransmissionType, Colour, YearOfManufacturing, EngineDisplacement, OriginalPrice, OdometerReading, EngineType, BodyType) values ('1FMJK1J53BEF80652', '5RIT855', 28, 'Automatic', 'Crimson', 2007, '4L', '55000', '131179', 'ESS', 'Coupe');
insert into Car (VIN, LicensePlate, ModelID, TransmissionType, Colour, YearOfManufacturing, EngineDisplacement, OriginalPrice, OdometerReading, EngineType, BodyType) values ('2HSFHAMR9WC050941', '8DGE543', 29, 'Automatic', 'Red', 1999, '3L', '28000', '128921', 'ESS', 'Sedan');
insert into Car (VIN, LicensePlate, ModelID, TransmissionType, Colour, YearOfManufacturing, EngineDisplacement, OriginalPrice, OdometerReading, EngineType, BodyType) values ('1FDWE37S9WHB80430', 'MYZ1207', 30, 'Automatic', 'Purple', 2007, '3L', '36000', '98207', 'ESS', 'Sedan');
insert into Car (VIN, LicensePlate, ModelID, TransmissionType, Colour, YearOfManufacturing, EngineDisplacement, OriginalPrice, OdometerReading, EngineType, BodyType) values ('JN8AZ2NC6B9356142', 'JTE2476', 31, 'Manual', 'Yellow', 1977, '2L', '18000', '168306', 'ESS', 'Hatchback');
insert into Car (VIN, LicensePlate, ModelID, TransmissionType, Colour, YearOfManufacturing, EngineDisplacement, OriginalPrice, OdometerReading, EngineType, BodyType) values ('WBAWV53539P006098', '7MW424', 32, 'Manual', 'Maroon', 1993, '3L', '37000', '139345', 'ESS', 'Sedan');
insert into Car (VIN, LicensePlate, ModelID, TransmissionType, Colour, YearOfManufacturing, EngineDisplacement, OriginalPrice, OdometerReading, EngineType, BodyType) values ('1FUJGLDRXCSB04882', 'DQWD68', 33, 'Manual', 'Fuscia', 1993, '3L', '32000', '132711', 'ESS', 'Sedan');
insert into Car (VIN, LicensePlate, ModelID, TransmissionType, Colour, YearOfManufacturing, EngineDisplacement, OriginalPrice, OdometerReading, EngineType, BodyType) values ('2C3CCAETXDH661487', '8CTY353', 34, 'Automatic', 'Red', 2007, '3L', '45000', '185958', 'ESS', 'Sedan');
insert into Car (VIN, LicensePlate, ModelID, TransmissionType, Colour, YearOfManufacturing, EngineDisplacement, OriginalPrice, OdometerReading, EngineType, BodyType) values ('JH4DC53802C046659', '3ELY230', 35, 'Automatic', 'Crimson', 2007, '3L', '49000', '193572', 'HEV', 'SUV');
insert into Car (VIN, LicensePlate, ModelID, TransmissionType, Colour, YearOfManufacturing, EngineDisplacement, OriginalPrice, OdometerReading, EngineType, BodyType) values ('3VWCM31Y55M389744', '5633H17', 36, 'Automatic', 'Pink', 1997, '3L', '29000', '78077', 'ESS', 'Hatchback');
insert into Car (VIN, LicensePlate, ModelID, TransmissionType, Colour, YearOfManufacturing, EngineDisplacement, OriginalPrice, OdometerReading, EngineType, BodyType) values ('1J4FX58S5WC188606', '5LTG192', 37, 'Automatic', 'Maroon', 2000, '3L', '40000', '131475', 'DSL', 'Sedan');
insert into Car (VIN, LicensePlate, ModelID, TransmissionType, Colour, YearOfManufacturing, EngineDisplacement, OriginalPrice, OdometerReading, EngineType, BodyType) values ('1FMJU1K50AEA05075', '7BEG295', 38, 'Automatic', 'Puce', 2001, '3L', '42000', '100933', 'ESS', 'Sedan');
insert into Car (VIN, LicensePlate, ModelID, TransmissionType, Colour, YearOfManufacturing, EngineDisplacement, OriginalPrice, OdometerReading, EngineType, BodyType) values ('1N4AL11D15C372087', '1ZE822', 39, 'Automatic', 'Teal', 2003, '3L', '45000', '128342', 'ESS', 'Sedan');
insert into Car (VIN, LicensePlate, ModelID, TransmissionType, Colour, YearOfManufacturing, EngineDisplacement, OriginalPrice, OdometerReading, EngineType, BodyType) values ('1GKES16S346185036', 'PBS852', 40, 'Automatic', 'Green', 1997, '3L', '32000', '120824', 'ESS', 'Sedan');
insert into Car (VIN, LicensePlate, ModelID, TransmissionType, Colour, YearOfManufacturing, EngineDisplacement, OriginalPrice, OdometerReading, EngineType, BodyType) values ('2GNFLFEK5E6253531', '8CES121', 41, 'Manual', 'Purple', 1984, '2L', '14000', '155639', 'ESS', 'Hatchback');
insert into Car (VIN, LicensePlate, ModelID, TransmissionType, Colour, YearOfManufacturing, EngineDisplacement, OriginalPrice, OdometerReading, EngineType, BodyType) values ('1GCHK23D06F171814', 'SWE510', 42, 'Manual', 'Orange', 1990, '2L', '15000', '83251', 'ESS', 'Sedan');
insert into Car (VIN, LicensePlate, ModelID, TransmissionType, Colour, YearOfManufacturing, EngineDisplacement, OriginalPrice, OdometerReading, EngineType, BodyType) values ('1B7GL42NX2S559696', '8DBX400', 43, 'Automatic', 'Purple', 2013, '3L', '76000', '119231', 'HEV', 'SUV');
insert into Car (VIN, LicensePlate, ModelID, TransmissionType, Colour, YearOfManufacturing, EngineDisplacement, OriginalPrice, OdometerReading, EngineType, BodyType) values ('1FTWW32P65EC99430', '3NQC494', 44, 'Manual', 'Crimson', 1992, '2L', '12000', '174856', 'ESS', 'Sedan');
insert into Car (VIN, LicensePlate, ModelID, TransmissionType, Colour, YearOfManufacturing, EngineDisplacement, OriginalPrice, OdometerReading, EngineType, BodyType) values ('KNADE123166160651', 'HBT764', 45, 'Manual', 'Khaki', 1993, '2L', '14000', '108543', 'ESS', 'Hatchback');
insert into Car (VIN, LicensePlate, ModelID, TransmissionType, Colour, YearOfManufacturing, EngineDisplacement, OriginalPrice, OdometerReading, EngineType, BodyType) values ('WBSKG9C5XCE712953', 'BEE5BLU', 46, 'Automatic', 'Pink', 1999, '3L', '32000', '166646', 'ESS', 'Sedan');
insert into Car (VIN, LicensePlate, ModelID, TransmissionType, Colour, YearOfManufacturing, EngineDisplacement, OriginalPrice, OdometerReading, EngineType, BodyType) values ('2C3CDXBG2FH796098', '8ESH902', 47, 'Automatic', 'Turquoise', 2003, '3L', '40000', '75513', 'DSL', 'Sedan');
insert into Car (VIN, LicensePlate, ModelID, TransmissionType, Colour, YearOfManufacturing, EngineDisplacement, OriginalPrice, OdometerReading, EngineType, BodyType) values ('JM3ER293480288631', '8AOW267', 48, 'Manual', 'Crimson', 1995, '3L', '29000', '184517', 'ESS', 'Sedan');
insert into Car (VIN, LicensePlate, ModelID, TransmissionType, Colour, YearOfManufacturing, EngineDisplacement, OriginalPrice, OdometerReading, EngineType, BodyType) values ('1FMZU67E51UB25422', '573LKN', 49, 'Automatic', 'Goldenrod', 2006, '3L', '40000', '159728', 'ESS', 'Sedan');
insert into Car (VIN, LicensePlate, ModelID, TransmissionType, Colour, YearOfManufacturing, EngineDisplacement, OriginalPrice, OdometerReading, EngineType, BodyType) values ('2C4RDGBG4CR200615', '725MSJ', 50, 'Automatic', 'Indigo', 2005, '3L', '42000', '165046', 'DSL', 'Sedan');
insert into Car (VIN, LicensePlate, ModelID, TransmissionType, Colour, YearOfManufacturing, EngineDisplacement, OriginalPrice, OdometerReading, EngineType, BodyType) values ('1FTNE1EW8ADA83150', '8BPG475', 51, 'Automatic', 'Blue', 2012, '5L', '60000', '176289', 'ESS', 'Coupe');
insert into Car (VIN, LicensePlate, ModelID, TransmissionType, Colour, YearOfManufacturing, EngineDisplacement, OriginalPrice, OdometerReading, EngineType, BodyType) values ('KM8JM12BX8U875647', 'GTZ9304', 52, 'Manual', 'Pink', 1991, '2L', '20000', '119506', 'ESS', 'Hatchback');
insert into Car (VIN, LicensePlate, ModelID, TransmissionType, Colour, YearOfManufacturing, EngineDisplacement, OriginalPrice, OdometerReading, EngineType, BodyType) values ('1G11J5SX9DF298388', '7PFC053', 53, 'Automatic', 'Red', 1995, '3L', '33000', '135066', 'ESS', 'Sedan');
insert into Car (VIN, LicensePlate, ModelID, TransmissionType, Colour, YearOfManufacturing, EngineDisplacement, OriginalPrice, OdometerReading, EngineType, BodyType) values ('1GAZG1FG3B1114948', '8AQK261', 54, 'Manual', 'Yellow', 1988, '2L', '15000', '196839', 'ESS', 'Hatchback');
insert into Car (VIN, LicensePlate, ModelID, TransmissionType, Colour, YearOfManufacturing, EngineDisplacement, OriginalPrice, OdometerReading, EngineType, BodyType) values ('1G1ZT52895F267262', '11576TE', 55, 'Manual', 'Maroon', 1994, '2L', '19000', '68530', 'DSL', 'Sedan');
insert into Car (VIN, LicensePlate, ModelID, TransmissionType, Colour, YearOfManufacturing, EngineDisplacement, OriginalPrice, OdometerReading, EngineType, BodyType) values ('2HKRM4H75DH683178', '8EDX491', 56, 'Automatic', 'Purple', 2006, '3L', '41000', '134181', 'ESS', 'SUV');
insert into Car (VIN, LicensePlate, ModelID, TransmissionType, Colour, YearOfManufacturing, EngineDisplacement, OriginalPrice, OdometerReading, EngineType, BodyType) values ('1GBJC34F4SE173770', 'NWJ489', 57, 'Automatic', 'Green', 2006, '3L', '45000', '119964', 'ESS', 'Sedan');
insert into Car (VIN, LicensePlate, ModelID, TransmissionType, Colour, YearOfManufacturing, EngineDisplacement, OriginalPrice, OdometerReading, EngineType, BodyType) values ('1C4BJWDG0FL591583', '6GBB213', 58, 'Automatic', 'Indigo', 2012, '3L', '46000', '191275', 'HEV', 'Sedan');
insert into Car (VIN, LicensePlate, ModelID, TransmissionType, Colour, YearOfManufacturing, EngineDisplacement, OriginalPrice, OdometerReading, EngineType, BodyType) values ('JF2SHADC6CH486302', 'GXX3112', 59, 'Manual', 'Fuscia', 1993, '2L', '18000', '77731', 'ESS', 'Hatchback');
insert into Car (VIN, LicensePlate, ModelID, TransmissionType, Colour, YearOfManufacturing, EngineDisplacement, OriginalPrice, OdometerReading, EngineType, BodyType) values ('5TBRT38123S366789', '8HFP675', 60, 'Automatic', 'Indigo', 2004, '3L', '42000', '112969', 'DSL', 'Sedan');
insert into Car (VIN, LicensePlate, ModelID, TransmissionType, Colour, YearOfManufacturing, EngineDisplacement, OriginalPrice, OdometerReading, EngineType, BodyType) values ('1GCFG15X081280588', '7APB026', 61, 'Automatic', 'Fuscia', 2008, '6L', '40000', '60590', 'ESS', 'Coupe');
insert into Car (VIN, LicensePlate, ModelID, TransmissionType, Colour, YearOfManufacturing, EngineDisplacement, OriginalPrice, OdometerReading, EngineType, BodyType) values ('5UXZV4C52BL707270', '8EVR733', 62, 'Manual', 'Puce', 1995, '3L', '28000', '119526', 'ESS', 'Sedan');
insert into Car (VIN, LicensePlate, ModelID, TransmissionType, Colour, YearOfManufacturing, EngineDisplacement, OriginalPrice, OdometerReading, EngineType, BodyType) values ('5XYZGDAB7BG056184', '478TTR', 63, 'Automatic', 'Crimson', 1998, '3L', '32000', '164541', 'ESS', 'Sedan');
insert into Car (VIN, LicensePlate, ModelID, TransmissionType, Colour, YearOfManufacturing, EngineDisplacement, OriginalPrice, OdometerReading, EngineType, BodyType) values ('1D7HA16K04J246079', 'LDE345', 64, 'Manual', 'Violet', 1996, '3L', '27000', '196542', 'ESS', 'Sedan');
insert into Car (VIN, LicensePlate, ModelID, TransmissionType, Colour, YearOfManufacturing, EngineDisplacement, OriginalPrice, OdometerReading, EngineType, BodyType) values ('1J4FA39S26P741547', '394YDZ', 65, 'Automatic', 'Violet', 2007, '3L', '50000', '102144', 'DSL', 'Sedan');
insert into Car (VIN, LicensePlate, ModelID, TransmissionType, Colour, YearOfManufacturing, EngineDisplacement, OriginalPrice, OdometerReading, EngineType, BodyType) values ('1FUJGLDR29LA14659', '5YLV479', 66, 'Automatic', 'Pink', 2007, '3L', '40000', '166663', 'ESS', 'Sedan');
insert into Car (VIN, LicensePlate, ModelID, TransmissionType, Colour, YearOfManufacturing, EngineDisplacement, OriginalPrice, OdometerReading, EngineType, BodyType) values ('1GNDT13S342259062', 'LVL02B', 67, 'Manual', 'Puce', 1993, '2L', '16000', '164245', 'ESS', 'Hatchback');
insert into Car (VIN, LicensePlate, ModelID, TransmissionType, Colour, YearOfManufacturing, EngineDisplacement, OriginalPrice, OdometerReading, EngineType, BodyType) values ('3N1BC1CP5BL308174', '088ZBN', 68, 'Automatic', 'Crimson', 2011, '3L', '40000', '128828', 'ESS', 'Sedan');
insert into Car (VIN, LicensePlate, ModelID, TransmissionType, Colour, YearOfManufacturing, EngineDisplacement, OriginalPrice, OdometerReading, EngineType, BodyType) values ('2HSFBT3R4FCA23650', 'HAX7159', 69, 'Manual', 'Blue', 1993, '2L', '19000', '196543', 'ESS', 'Hatchback');
insert into Car (VIN, LicensePlate, ModelID, TransmissionType, Colour, YearOfManufacturing, EngineDisplacement, OriginalPrice, OdometerReading, EngineType, BodyType) values ('1G2ZM361064267805', 'BBM644', 70, 'Automatic', 'Puce', 2008, '3L', '41000', '109964', 'ESS', 'SUV');
insert into Car (VIN, LicensePlate, ModelID, TransmissionType, Colour, YearOfManufacturing, EngineDisplacement, OriginalPrice, OdometerReading, EngineType, BodyType) values ('WBAVB17566NK44347', '722NR', 71, 'Automatic', 'Crimson', 2005, '3L', '36000', '78305', 'ESS', 'Sedan');
insert into Car (VIN, LicensePlate, ModelID, TransmissionType, Colour, YearOfManufacturing, EngineDisplacement, OriginalPrice, OdometerReading, EngineType, BodyType) values ('1FTFW1CF9BFB86068', 'LDY1686', 72, 'Manual', 'Pink', 1989, '2L', '15000', '82068', 'ESS', 'Hatchback');
insert into Car (VIN, LicensePlate, ModelID, TransmissionType, Colour, YearOfManufacturing, EngineDisplacement, OriginalPrice, OdometerReading, EngineType, BodyType) values ('WBAEK13466CN03265', '5L01D9', 73, 'Automatic', 'Orange', 2008, '5L', '37000', '159069', 'ESS', 'Sedan');
insert into Car (VIN, LicensePlate, ModelID, TransmissionType, Colour, YearOfManufacturing, EngineDisplacement, OriginalPrice, OdometerReading, EngineType, BodyType) values ('2C4RC1CG0FR613361', 'KWK9277', 74, 'Automatic', 'Goldenrod', 2000, '3L', '33000', '196704', 'DSL', 'Sedan');
insert into Car (VIN, LicensePlate, ModelID, TransmissionType, Colour, YearOfManufacturing, EngineDisplacement, OriginalPrice, OdometerReading, EngineType, BodyType) values ('2G1FA1E30E9166573', 'KJZ4082', 75, 'Manual', 'Pink', 1989, '2L', '20000', '56763', 'ESS', 'Hatchback');
insert into Car (VIN, LicensePlate, ModelID, TransmissionType, Colour, YearOfManufacturing, EngineDisplacement, OriginalPrice, OdometerReading, EngineType, BodyType) values ('WDBGA70G4XA437410', 'QNA660', 76, 'Manual', 'Purple', 1995, '2L', '21000', '114165', 'DSL', 'Hatchback');
insert into Car (VIN, LicensePlate, ModelID, TransmissionType, Colour, YearOfManufacturing, EngineDisplacement, OriginalPrice, OdometerReading, EngineType, BodyType) values ('4F4YR12U52TM23440', 'A859709', 77, 'Automatic', 'Purple', 2000, '3L', '30000', '154506', 'ESS', 'Sedan');
insert into Car (VIN, LicensePlate, ModelID, TransmissionType, Colour, YearOfManufacturing, EngineDisplacement, OriginalPrice, OdometerReading, EngineType, BodyType) values ('1HGCR2F87FA048191', 'DRN9428', 78, 'Automatic', 'Purple', 2010, '3L', '47000', '182753', 'ESS', 'SUV');
insert into Car (VIN, LicensePlate, ModelID, TransmissionType, Colour, YearOfManufacturing, EngineDisplacement, OriginalPrice, OdometerReading, EngineType, BodyType) values ('2G1WT58K269331772', 'DMK9856', 79, 'Manual', 'Red', 1996, '3L', '31000', '124721', 'ESS', 'Sedan');
insert into Car (VIN, LicensePlate, ModelID, TransmissionType, Colour, YearOfManufacturing, EngineDisplacement, OriginalPrice, OdometerReading, EngineType, BodyType) values ('1GKKRPKD1FJ139536', '2KXF105', 80, 'Automatic', 'Maroon', 2012, '3L', '46000', '114050', 'HEV', 'Sedan');
insert into Car (VIN, LicensePlate, ModelID, TransmissionType, Colour, YearOfManufacturing, EngineDisplacement, OriginalPrice, OdometerReading, EngineType, BodyType) values ('3VWAX7AJ9AM111979', '8EJF061', 81, 'Manual', 'Orange', 1986, '2L', '19000', '156758', 'ESS', 'Sedan');
insert into Car (VIN, LicensePlate, ModelID, TransmissionType, Colour, YearOfManufacturing, EngineDisplacement, OriginalPrice, OdometerReading, EngineType, BodyType) values ('1GCRCSE09CZ329718', '7ZFG088', 82, 'Automatic', 'Mauv', 2008, '3L', '60000', '106038', 'ESS', 'SUV');
insert into Car (VIN, LicensePlate, ModelID, TransmissionType, Colour, YearOfManufacturing, EngineDisplacement, OriginalPrice, OdometerReading, EngineType, BodyType) values ('JM1NC25FX80103377', '8EYD493', 83, 'Manual', 'Mauv', 1995, '3L', '39000', '108832', 'DSL', 'Sedan');
insert into Car (VIN, LicensePlate, ModelID, TransmissionType, Colour, YearOfManufacturing, EngineDisplacement, OriginalPrice, OdometerReading, EngineType, BodyType) values ('WDDNG86X88A141351', '210285L', 84, 'Automatic', 'Teal', 1991, '2L', '25000', '196635', 'ESS', 'Hatchback');
insert into Car (VIN, LicensePlate, ModelID, TransmissionType, Colour, YearOfManufacturing, EngineDisplacement, OriginalPrice, OdometerReading, EngineType, BodyType) values ('YV1MS672782383435', '8FDL338', 85, 'Automatic', 'Teal', 2000, '3L', '44000', '78779', 'ESS', 'Sedan');
insert into Car (VIN, LicensePlate, ModelID, TransmissionType, Colour, YearOfManufacturing, EngineDisplacement, OriginalPrice, OdometerReading, EngineType, BodyType) values ('2LMDU88C27BJ53197', 'DP3Y267', 86, 'Automatic', 'Khaki', 2001, '3L', '51000', '172731', 'ESS', 'Sedan');
insert into Car (VIN, LicensePlate, ModelID, TransmissionType, Colour, YearOfManufacturing, EngineDisplacement, OriginalPrice, OdometerReading, EngineType, BodyType) values ('5NPET46F09H466351', '029LJT', 87, 'Automatic', 'Mauv', 2011, '3L', '65000', '182131', 'HEV', 'Coupe');
insert into Car (VIN, LicensePlate, ModelID, TransmissionType, Colour, YearOfManufacturing, EngineDisplacement, OriginalPrice, OdometerReading, EngineType, BodyType) values ('1FMDA41X1VZB36217', 'CB7N367', 88, 'Manual', 'Violet', 1995, '2L', '22000', '101725', 'DSL', 'Sedan');
insert into Car (VIN, LicensePlate, ModelID, TransmissionType, Colour, YearOfManufacturing, EngineDisplacement, OriginalPrice, OdometerReading, EngineType, BodyType) values ('SALSF25416A913487', '7FDL478', 89, 'Automatic', 'Aquamarine', 2002, '3L', '40000', '196729', 'ESS', 'Sedan');
insert into Car (VIN, LicensePlate, ModelID, TransmissionType, Colour, YearOfManufacturing, EngineDisplacement, OriginalPrice, OdometerReading, EngineType, BodyType) values ('2G1FA1E35D9226779', '5WYW951', 90, 'Manual', 'Blue', 1999, '3L', '36000', '154444', 'ESS', 'Hatchback');
insert into Car (VIN, LicensePlate, ModelID, TransmissionType, Colour, YearOfManufacturing, EngineDisplacement, OriginalPrice, OdometerReading, EngineType, BodyType) values ('JT4UN24D7T0066061', 'XOG824', 91, 'Automatic', 'Violet', 2012, '6L', '50000', '123899', 'ESS', 'SUV');
insert into Car (VIN, LicensePlate, ModelID, TransmissionType, Colour, YearOfManufacturing, EngineDisplacement, OriginalPrice, OdometerReading, EngineType, BodyType) values ('1FTSW21P16EB51682', 'S5451', 92, 'Automatic', 'Aquamarine', 2007, '3L', '40000', '198566', 'ESS', 'Sedan');
insert into Car (VIN, LicensePlate, ModelID, TransmissionType, Colour, YearOfManufacturing, EngineDisplacement, OriginalPrice, OdometerReading, EngineType, BodyType) values ('JHLRE48738C029135', 'IA52WH', 93, 'Automatic', 'Pink', 2005, '2L', '24000', '126684', 'DSL', 'Sedan');
insert into Car (VIN, LicensePlate, ModelID, TransmissionType, Colour, YearOfManufacturing, EngineDisplacement, OriginalPrice, OdometerReading, EngineType, BodyType) values ('WBABG2323TET20799', 'GVGB85', 94, 'Automatic', 'Violet', 2011, '3L', '51000', '64819', 'ESS', 'SUV');
insert into Car (VIN, LicensePlate, ModelID, TransmissionType, Colour, YearOfManufacturing, EngineDisplacement, OriginalPrice, OdometerReading, EngineType, BodyType) values ('1N4AL3AP0FC109158', 'GJT298', 95, 'Automatic', 'Violet', 2000, '3L', '30000', '124785', 'ESS', 'Hatchback');
insert into Car (VIN, LicensePlate, ModelID, TransmissionType, Colour, YearOfManufacturing, EngineDisplacement, OriginalPrice, OdometerReading, EngineType, BodyType) values ('4A3AA46GX1E125103', 'JZF4922', 96, 'Manual', 'Yellow', 1998, '3L', '18000', '195604', 'ESS', 'Hatchback');
insert into Car (VIN, LicensePlate, ModelID, TransmissionType, Colour, YearOfManufacturing, EngineDisplacement, OriginalPrice, OdometerReading, EngineType, BodyType) values ('2B3CJ4DG4BH511512', 'GWC7444', 97, 'Automatic', 'Yellow', 2007, '3L', '34000', '145773', 'ESS', 'Sedan');
insert into Car (VIN, LicensePlate, ModelID, TransmissionType, Colour, YearOfManufacturing, EngineDisplacement, OriginalPrice, OdometerReading, EngineType, BodyType) values ('1C3CDZCB2CN138248', '6TBG499', 98, 'Automatic', 'Khaki', 2010, '3L', '45000', '98582', 'ESS', 'SUV');
insert into Car (VIN, LicensePlate, ModelID, TransmissionType, Colour, YearOfManufacturing, EngineDisplacement, OriginalPrice, OdometerReading, EngineType, BodyType) values ('JH4DC53043C089722', '639NMF', 99, 'Manual', 'Aquamarine', 1999, '3L', '29000', '182206', 'ESS', 'Sedan');
insert into Car (VIN, LicensePlate, ModelID, TransmissionType, Colour, YearOfManufacturing, EngineDisplacement, OriginalPrice, OdometerReading, EngineType, BodyType) values ('3GSCL53798S635561', '84ZT75', 100, 'Manual', 'Goldenrod', 1985, '2L', '15000', '213540', 'DSL', 'Hatchback');


insert into Customer (FirstName, LastName, ContactNumber, AddressID, TakesLoan) values ('Nancey', 'Linnitt', '6091991983', 41, 'yes');
insert into Customer (FirstName, LastName, ContactNumber, AddressID, TakesLoan) values ('Riva', 'Beaney', '7041698903', 42, 'no');
insert into Customer (FirstName, LastName, ContactNumber, AddressID, TakesLoan) values ('Konstantin', 'Idill', '4025746670', 43, 'no');
insert into Customer (FirstName, LastName, ContactNumber, AddressID, TakesLoan) values ('Desmond', 'Heinemann', '2348565770', 44, 'no');
insert into Customer (FirstName, LastName, ContactNumber, AddressID, TakesLoan) values ('Mireielle', 'MacAnellye', '6944466321', 45, 'no');
insert into Customer (FirstName, LastName, ContactNumber, AddressID, TakesLoan) values ('Maggy', 'Ormonde', '3129523750', 46, 'yes');
insert into Customer (FirstName, LastName, ContactNumber, AddressID, TakesLoan) values ('Rana', 'Ojeda', '6362024992', 47, 'yes');
insert into Customer (FirstName, LastName, ContactNumber, AddressID, TakesLoan) values ('Glenden', 'Hark', '2763104668', 48, 'yes');
insert into Customer (FirstName, LastName, ContactNumber, AddressID, TakesLoan) values ('Madelina', 'Brice', '1775463780', 49, 'no');
insert into Customer (FirstName, LastName, ContactNumber, AddressID, TakesLoan) values ('Zebadiah', 'Rivilis', '8182462186', 50, 'yes');
insert into Customer (FirstName, LastName, ContactNumber, AddressID, TakesLoan) values ('Wye', 'O'' Connell', '9573656217', 51, 'no');
insert into Customer (FirstName, LastName, ContactNumber, AddressID, TakesLoan) values ('Paige', 'Berzins', '4017320065', 52, 'yes');
insert into Customer (FirstName, LastName, ContactNumber, AddressID, TakesLoan) values ('Yevette', 'Millhouse', '5924030515', 53, 'no');
insert into Customer (FirstName, LastName, ContactNumber, AddressID, TakesLoan) values ('Gareth', 'Benbow', '9412692151', 54, 'yes');
insert into Customer (FirstName, LastName, ContactNumber, AddressID, TakesLoan) values ('Devin', 'Murphy', '1744668115', 55, 'yes');
insert into Customer (FirstName, LastName, ContactNumber, AddressID, TakesLoan) values ('Natala', 'Nemchinov', '5963177632', 56, 'no');
insert into Customer (FirstName, LastName, ContactNumber, AddressID, TakesLoan) values ('Pollyanna', 'Knowles', '5883703384', 57, 'no');
insert into Customer (FirstName, LastName, ContactNumber, AddressID, TakesLoan) values ('Calli', 'Le land', '3492572403', 58, 'no');
insert into Customer (FirstName, LastName, ContactNumber, AddressID, TakesLoan) values ('Tabor', 'Winstone', '6785687917', 59, 'no');
insert into Customer (FirstName, LastName, ContactNumber, AddressID, TakesLoan) values ('Maurizio', 'McPharlain', '5129730177', 60, 'no');
insert into Customer (FirstName, LastName, ContactNumber, AddressID, TakesLoan) values ('Pamella', 'Simeoli', '4558992862', 61, 'no');
insert into Customer (FirstName, LastName, ContactNumber, AddressID, TakesLoan) values ('Guillaume', 'Skudder', '2908479715', 62, 'no');
insert into Customer (FirstName, LastName, ContactNumber, AddressID, TakesLoan) values ('Trip', 'Kettlestring', '3279977128', 63, 'no');
insert into Customer (FirstName, LastName, ContactNumber, AddressID, TakesLoan) values ('George', 'Kirkbride', '5713986072', 64, 'no');
insert into Customer (FirstName, LastName, ContactNumber, AddressID, TakesLoan) values ('Ximenes', 'Blackmoor', '5127058296', 65, 'no');
insert into Customer (FirstName, LastName, ContactNumber, AddressID, TakesLoan) values ('Dulcea', 'Antonikov', '2957126764', 66, 'no');
insert into Customer (FirstName, LastName, ContactNumber, AddressID, TakesLoan) values ('Thorn', 'Wringe', '5055456303', 67, 'no');
insert into Customer (FirstName, LastName, ContactNumber, AddressID, TakesLoan) values ('Felipa', 'Scaife', '1081709119', 68, 'no');
insert into Customer (FirstName, LastName, ContactNumber, AddressID, TakesLoan) values ('Paule', 'Delia', '5425762466', 69, 'no');
insert into Customer (FirstName, LastName, ContactNumber, AddressID, TakesLoan) values ('Appolonia', 'Dikelin', '1164980260', 70, 'no');
insert into Customer (FirstName, LastName, ContactNumber, AddressID, TakesLoan) values ('Rosaleen', 'Lerer', '6731221069', 71, 'no');
insert into Customer (FirstName, LastName, ContactNumber, AddressID, TakesLoan) values ('Garald', 'De Dei', '6503609770', 72, 'yes');
insert into Customer (FirstName, LastName, ContactNumber, AddressID, TakesLoan) values ('Freda', 'Malbon', '2147138594', 73, 'yes');
insert into Customer (FirstName, LastName, ContactNumber, AddressID, TakesLoan) values ('Blithe', 'Ivel', '6607043079', 74, 'yes');
insert into Customer (FirstName, LastName, ContactNumber, AddressID, TakesLoan) values ('Zsa zsa', 'Keeping', '5757084779', 75, 'no');
insert into Customer (FirstName, LastName, ContactNumber, AddressID, TakesLoan) values ('Marlee', 'Polkinhorn', '7063842747', 76, 'no');
insert into Customer (FirstName, LastName, ContactNumber, AddressID, TakesLoan) values ('Jolie', 'Cartwight', '8172091342', 77, 'no');
insert into Customer (FirstName, LastName, ContactNumber, AddressID, TakesLoan) values ('Kelila', 'Pavett', '2026662057', 78, 'yes');
insert into Customer (FirstName, LastName, ContactNumber, AddressID, TakesLoan) values ('Drusie', 'Armit', '1259482120', 79, 'no');
insert into Customer (FirstName, LastName, ContactNumber, AddressID, TakesLoan) values ('Carroll', 'Walsh', '4571261895', 80, 'no');
insert into Customer (FirstName, LastName, ContactNumber, AddressID, TakesLoan) values ('Rivy', 'Smales', '5181840845', 81, 'no');
insert into Customer (FirstName, LastName, ContactNumber, AddressID, TakesLoan) values ('Olwen', 'Izaks', '2947128379', 82, 'no');
insert into Customer (FirstName, LastName, ContactNumber, AddressID, TakesLoan) values ('Niccolo', 'Ditch', '3702364968', 83, 'yes');
insert into Customer (FirstName, LastName, ContactNumber, AddressID, TakesLoan) values ('Bren', 'Draxford', '5479203005', 84, 'no');
insert into Customer (FirstName, LastName, ContactNumber, AddressID, TakesLoan) values ('Sara-ann', 'De Matteis', '9567036680', 85, 'yes');
insert into Customer (FirstName, LastName, ContactNumber, AddressID, TakesLoan) values ('Laurena', 'Starsmeare', '2241982432', 86, 'no');
insert into Customer (FirstName, LastName, ContactNumber, AddressID, TakesLoan) values ('Jackie', 'Kochs', '4939596484', 87, 'no');
insert into Customer (FirstName, LastName, ContactNumber, AddressID, TakesLoan) values ('Robbie', 'Faulkes', '6784889831', 88, 'yes');
insert into Customer (FirstName, LastName, ContactNumber, AddressID, TakesLoan) values ('Suzanne', 'Masham', '1503135572', 89, 'no');
insert into Customer (FirstName, LastName, ContactNumber, AddressID, TakesLoan) values ('Catherina', 'Gravett', '4189842310', 90, 'no');


insert into Financer (FinancerID, FinancerName, AddressID) values (1, 'Cartwright, Jenkins and Deckow', 91);
insert into Financer (FinancerID, FinancerName, AddressID) values (2, 'Lang-Reichel', 92);
insert into Financer (FinancerID, FinancerName, AddressID) values (3, 'Kuhic, Bauch and Herman', 93);
insert into Financer (FinancerID, FinancerName, AddressID) values (4, 'Cassin-Kassulke', 94);
insert into Financer (FinancerID, FinancerName, AddressID) values (5, 'Skiles-Hayes', 95);
insert into Financer (FinancerID, FinancerName, AddressID) values (6, 'Grimes-Parker', 96);
insert into Financer (FinancerID, FinancerName, AddressID) values (7, 'Heidenreich, Kulas and Abshire', 97);
insert into Financer (FinancerID, FinancerName, AddressID) values (8, 'Fadel-Crooks', 98);
insert into Financer (FinancerID, FinancerName, AddressID) values (9, 'Schimmel-Kessler', 99);
insert into Financer (FinancerID, FinancerName, AddressID) values (10, 'Klein-Marvin', 100);


insert into Loan (LoanID, LoanAmount, CustomerID, FinancerID) values (300101, 54611, 1000, 1);
insert into Loan (LoanID, LoanAmount, CustomerID, FinancerID) values (300102, 56541, 1047, 9);
insert into Loan (LoanID, LoanAmount, CustomerID, FinancerID) values (300103, 36981, 1005, 6);
insert into Loan (LoanID, LoanAmount, CustomerID, FinancerID) values (300104, 47172, 1044, 8);
insert into Loan (LoanID, LoanAmount, CustomerID, FinancerID) values (300105, 45842, 1006, 5);
insert into Loan (LoanID, LoanAmount, CustomerID, FinancerID) values (300106, 44406, 1042, 6);
insert into Loan (LoanID, LoanAmount, CustomerID, FinancerID) values (300107, 43291, 1007, 7);
insert into Loan (LoanID, LoanAmount, CustomerID, FinancerID) values (300108, 41466, 1037, 10);
insert into Loan (LoanID, LoanAmount, CustomerID, FinancerID) values (300109, 47071, 1009, 1);
insert into Loan (LoanID, LoanAmount, CustomerID, FinancerID) values (300110, 58712, 1033, 10);
insert into Loan (LoanID, LoanAmount, CustomerID, FinancerID) values (300111, 36244, 1011, 1);
insert into Loan (LoanID, LoanAmount, CustomerID, FinancerID) values (300112, 58234, 1032, 4);
insert into Loan (LoanID, LoanAmount, CustomerID, FinancerID) values (300113, 38336, 1013, 4);
insert into Loan (LoanID, LoanAmount, CustomerID, FinancerID) values (300114, 59450, 1031, 4);
insert into Loan (LoanID, LoanAmount, CustomerID, FinancerID) values (300115, 30502, 1014, 5);



insert into SalesRepresentative (SalesRepID, FirstName, LastName, ContactNumber, DealerID) values (10001, 'Essa', 'Wrightam', '9123418657', 10);
insert into SalesRepresentative (SalesRepID, FirstName, LastName, ContactNumber, DealerID) values (10002, 'Morgun', 'Forton', '3714980569', 8);
insert into SalesRepresentative (SalesRepID, FirstName, LastName, ContactNumber, DealerID) values (10003, 'Maddie', 'Ayton', '8026766555', 5);
insert into SalesRepresentative (SalesRepID, FirstName, LastName, ContactNumber, DealerID) values (10004, 'Emiline', 'Riseley', '7349043471', 4);
insert into SalesRepresentative (SalesRepID, FirstName, LastName, ContactNumber, DealerID) values (10005, 'Constancia', 'MacNeachtain', '8021343272', 10);
insert into SalesRepresentative (SalesRepID, FirstName, LastName, ContactNumber, DealerID) values (10006, 'Lyle', 'Burvill', '1091987334', 6);
insert into SalesRepresentative (SalesRepID, FirstName, LastName, ContactNumber, DealerID) values (10007, 'Flory', 'Lyddy', '1934686573', 6);
insert into SalesRepresentative (SalesRepID, FirstName, LastName, ContactNumber, DealerID) values (10008, 'Rafferty', 'Cordle', '9663333617', 2);
insert into SalesRepresentative (SalesRepID, FirstName, LastName, ContactNumber, DealerID) values (10009, 'Simon', 'Ramshay', '7959960208', 9);
insert into SalesRepresentative (SalesRepID, FirstName, LastName, ContactNumber, DealerID) values (10010, 'Annemarie', 'Begin', '5867827168', 10);
insert into SalesRepresentative (SalesRepID, FirstName, LastName, ContactNumber, DealerID) values (10011, 'Deeyn', 'Spira', '9368570750', 10);
insert into SalesRepresentative (SalesRepID, FirstName, LastName, ContactNumber, DealerID) values (10012, 'Feodora', 'Grandham', '6123560596', 3);
insert into SalesRepresentative (SalesRepID, FirstName, LastName, ContactNumber, DealerID) values (10013, 'Gayel', 'Lumsdaine', '6841706214', 3);
insert into SalesRepresentative (SalesRepID, FirstName, LastName, ContactNumber, DealerID) values (10014, 'Evyn', 'Rijkeseis', '1069137874', 6);
insert into SalesRepresentative (SalesRepID, FirstName, LastName, ContactNumber, DealerID) values (10015, 'Dru', 'Dodding', '5137749159', 3);
insert into SalesRepresentative (SalesRepID, FirstName, LastName, ContactNumber, DealerID) values (10016, 'Lyndsey', 'Kennefick', '2402923968', 9);
insert into SalesRepresentative (SalesRepID, FirstName, LastName, ContactNumber, DealerID) values (10017, 'Marcy', 'Elcome', '5234114848', 8);
insert into SalesRepresentative (SalesRepID, FirstName, LastName, ContactNumber, DealerID) values (10018, 'Debbi', 'Quogan', '4156596911', 2);
insert into SalesRepresentative (SalesRepID, FirstName, LastName, ContactNumber, DealerID) values (10019, 'Glenn', 'Levings', '3226911706', 10);
insert into SalesRepresentative (SalesRepID, FirstName, LastName, ContactNumber, DealerID) values (10020, 'Tarrah', 'Vasilyonok', '7068716623', 7);
insert into SalesRepresentative (SalesRepID, FirstName, LastName, ContactNumber, DealerID) values (10021, 'Huntington', 'Strippel', '7901486088', 8);
insert into SalesRepresentative (SalesRepID, FirstName, LastName, ContactNumber, DealerID) values (10022, 'Janette', 'Stabbins', '3383435384', 4);
insert into SalesRepresentative (SalesRepID, FirstName, LastName, ContactNumber, DealerID) values (10023, 'Maegan', 'Prettyjohn', '8601507818', 5);
insert into SalesRepresentative (SalesRepID, FirstName, LastName, ContactNumber, DealerID) values (10024, 'Prudence', 'Hembling', '3924735856', 1);
insert into SalesRepresentative (SalesRepID, FirstName, LastName, ContactNumber, DealerID) values (10025, 'Kathye', 'Perrottet', '4114437674', 10);
insert into SalesRepresentative (SalesRepID, FirstName, LastName, ContactNumber, DealerID) values (10026, 'Elbertina', 'Farlam', '6911718697', 7);
insert into SalesRepresentative (SalesRepID, FirstName, LastName, ContactNumber, DealerID) values (10027, 'Ephrayim', 'Higgoe', '5817559929', 10);
insert into SalesRepresentative (SalesRepID, FirstName, LastName, ContactNumber, DealerID) values (10028, 'Mandi', 'Orris', '6479543771', 8);
insert into SalesRepresentative (SalesRepID, FirstName, LastName, ContactNumber, DealerID) values (10029, 'Ewen', 'Benkin', '3536544816', 10);
insert into SalesRepresentative (SalesRepID, FirstName, LastName, ContactNumber, DealerID) values (10030, 'Agneta', 'Duinbleton', '4061666069', 5);


insert into [Transaction](TransactionDate, TransactionTime, TransactionAmount, SupplierID, DealerID, VIN) values ('04/24/2022', '8:36 PM', '40772.16', 14, 6, '5NPET46F09H466351');
insert into [Transaction](TransactionDate, TransactionTime, TransactionAmount, SupplierID, DealerID, VIN) values ('08/31/2022', '11:36 AM', '503.29', 10, 5, 'JH4DC53043C089722');
insert into [Transaction](TransactionDate, TransactionTime, TransactionAmount, SupplierID, DealerID, VIN) values ('08/26/2022', '4:44 AM', '26089.43', 18, 1, '1C3CDZCB2CN138248');
insert into [Transaction](TransactionDate, TransactionTime, TransactionAmount, SupplierID, DealerID, VIN) values ('05/31/2022', '7:45 AM', '3873.22', 19, 9, '2B3CJ4DG4BH511512');
insert into [Transaction](TransactionDate, TransactionTime, TransactionAmount, SupplierID, DealerID, VIN) values ('07/04/2022', '1:06 PM', '22916.06', 15, 10, '4A3AA46GX1E125103');
insert into [Transaction](TransactionDate, TransactionTime, TransactionAmount, SupplierID, DealerID, VIN) values ('12/14/2022', '9:51 AM', '309.54', 15, 9, '1N4AL3AP0FC109158');
insert into [Transaction](TransactionDate, TransactionTime, TransactionAmount, SupplierID, DealerID, VIN) values ('04/20/2022', '7:05 AM', '46647.28', 11, 7, 'WBABG2323TET20799');
insert into [Transaction](TransactionDate, TransactionTime, TransactionAmount, SupplierID, DealerID, VIN) values ('09/06/2022', '5:26 PM', '2008.37', 15, 10, 'JHLRE48738C029135');
insert into [Transaction](TransactionDate, TransactionTime, TransactionAmount, SupplierID, DealerID, VIN) values ('02/22/2023', '5:52 AM', '1236.78', 13, 4, '1FTSW21P16EB51682');
insert into [Transaction](TransactionDate, TransactionTime, TransactionAmount, SupplierID, DealerID, VIN) values ('07/07/2022', '2:39 AM', '31781.73', 14, 2, 'JT4UN24D7T0066061');
insert into [Transaction](TransactionDate, TransactionTime, TransactionAmount, SupplierID, DealerID, VIN) values ('01/16/2023', '10:22 PM', '38619.74', 6, 10, '2G1FA1E35D9226779');
insert into [Transaction](TransactionDate, TransactionTime, TransactionAmount, SupplierID, DealerID, VIN) values ('01/05/2023', '5:38 PM', '10028.88', 7, 7, 'SALSF25416A913487');
insert into [Transaction](TransactionDate, TransactionTime, TransactionAmount, SupplierID, DealerID, VIN) values ('08/11/2022', '5:46 PM', '18909.78', 14, 3, '1FMDA41X1VZB36217');
insert into [Transaction](TransactionDate, TransactionTime, TransactionAmount, SupplierID, DealerID, VIN) values ('03/22/2023', '2:42 AM', '47304.08', 8, 3, '5NPET46F09H466351');
insert into [Transaction](TransactionDate, TransactionTime, TransactionAmount, SupplierID, DealerID, VIN) values ('11/17/2022', '12:18 PM', '11628.39', 19, 6, '2LMDU88C27BJ53197');
insert into [Transaction](TransactionDate, TransactionTime, TransactionAmount, SupplierID, DealerID, VIN) values ('08/21/2022', '8:53 AM', '39858.73', 7, 9, 'YV1MS672782383435');
insert into [Transaction](TransactionDate, TransactionTime, TransactionAmount, SupplierID, DealerID, VIN) values ('12/15/2022', '6:29 PM', '19157.50', 16, 9, 'WDDNG86X88A141351');
insert into [Transaction](TransactionDate, TransactionTime, TransactionAmount, SupplierID, DealerID, VIN) values ('02/13/2023', '8:16 PM', '16155.62', 3, 9, 'JM1NC25FX80103377');
insert into [Transaction](TransactionDate, TransactionTime, TransactionAmount, SupplierID, DealerID, VIN) values ('09/17/2022', '11:44 AM', '38459.43', 12, 10, '1GCRCSE09CZ329718');
insert into [Transaction](TransactionDate, TransactionTime, TransactionAmount, SupplierID, DealerID, VIN) values ('04/13/2022', '12:01 PM', '43818.45', 16, 8, '3VWAX7AJ9AM111979');
insert into [Transaction](TransactionDate, TransactionTime, TransactionAmount, SupplierID, DealerID, VIN) values ('12/27/2022', '3:17 AM', '15831.82', 4, 6, '1GKKRPKD1FJ139536');
insert into [Transaction](TransactionDate, TransactionTime, TransactionAmount, SupplierID, DealerID, VIN) values ('01/03/2023', '9:53 PM', '37865.64', 9, 4, '2G1WT58K269331772');
insert into [Transaction](TransactionDate, TransactionTime, TransactionAmount, SupplierID, DealerID, VIN) values ('10/17/2022', '11:23 AM', '31201.52', 4, 4, '1HGCR2F87FA048191');
insert into [Transaction](TransactionDate, TransactionTime, TransactionAmount, SupplierID, DealerID, VIN) values ('08/22/2022', '9:20 AM', '784.39', 1, 5, '4F4YR12U52TM23440');
insert into [Transaction](TransactionDate, TransactionTime, TransactionAmount, SupplierID, DealerID, VIN) values ('01/24/2023', '11:44 PM', '23086.90', 16, 7, 'WDBGA70G4XA437410');
insert into [Transaction](TransactionDate, TransactionTime, TransactionAmount, SupplierID, DealerID, VIN) values ('05/06/2022', '7:15 PM', '26357.38', 9, 9, '2G1FA1E30E9166573');
insert into [Transaction](TransactionDate, TransactionTime, TransactionAmount, SupplierID, DealerID, VIN) values ('04/01/2023', '5:58 AM', '25472.74', 7, 5, '2C4RC1CG0FR613361');
insert into [Transaction](TransactionDate, TransactionTime, TransactionAmount, SupplierID, DealerID, VIN) values ('08/28/2022', '9:23 PM', '35598.66', 12, 6, 'WBAEK13466CN03265');
insert into [Transaction](TransactionDate, TransactionTime, TransactionAmount, SupplierID, DealerID, VIN) values ('01/09/2023', '11:13 AM', '1191.54', 6, 6, '1FTFW1CF9BFB86068');
insert into [Transaction](TransactionDate, TransactionTime, TransactionAmount, SupplierID, DealerID, VIN) values ('07/07/2022', '9:10 PM', '43673.81', 12, 7, 'WBAVB17566NK44347');
insert into [Transaction](TransactionDate, TransactionTime, TransactionAmount, SupplierID, DealerID, VIN) values ('11/27/2022', '7:32 PM', '26358.41', 16, 5, '1G2ZM361064267805');
insert into [Transaction](TransactionDate, TransactionTime, TransactionAmount, SupplierID, DealerID, VIN) values ('06/20/2022', '3:53 PM', '7809.19', 13, 4, '2HSFBT3R4FCA23650');
insert into [Transaction](TransactionDate, TransactionTime, TransactionAmount, SupplierID, DealerID, VIN) values ('08/06/2022', '11:01 AM', '40937.54', 20, 5, '3N1BC1CP5BL308174');
insert into [Transaction](TransactionDate, TransactionTime, TransactionAmount, SupplierID, DealerID, VIN) values ('01/12/2023', '11:00 AM', '22522.67', 9, 9, '1GNDT13S342259062');
insert into [Transaction](TransactionDate, TransactionTime, TransactionAmount, SupplierID, DealerID, VIN) values ('11/15/2022', '5:32 PM', '11703.52', 17, 2, '1FUJGLDR29LA14659');
insert into [Transaction](TransactionDate, TransactionTime, TransactionAmount, SupplierID, DealerID, VIN) values ('04/07/2023', '1:55 AM', '9242.91', 12, 1, '1J4FA39S26P741547');
insert into [Transaction](TransactionDate, TransactionTime, TransactionAmount, SupplierID, DealerID, VIN) values ('04/05/2023', '1:28 PM', '47406.49', 17, 10, '1D7HA16K04J246079');
insert into [Transaction](TransactionDate, TransactionTime, TransactionAmount, SupplierID, DealerID, VIN) values ('03/25/2023', '11:15 PM', '47888.10', 16, 7, '5XYZGDAB7BG056184');
insert into [Transaction](TransactionDate, TransactionTime, TransactionAmount, SupplierID, DealerID, VIN) values ('11/09/2022', '11:17 PM', '6073.70', 2, 3, '5UXZV4C52BL707270');
insert into [Transaction](TransactionDate, TransactionTime, TransactionAmount, SupplierID, DealerID, VIN) values ('02/19/2023', '6:56 PM', '19541.45', 8, 4, '1GCFG15X081280588');
insert into [Transaction](TransactionDate, TransactionTime, TransactionAmount, SupplierID, DealerID, VIN) values ('06/05/2022', '12:13 AM', '1799.03', 3, 5, '5TBRT38123S366789');
insert into [Transaction](TransactionDate, TransactionTime, TransactionAmount, SupplierID, DealerID, VIN) values ('11/03/2022', '2:10 PM', '23247.25', 3, 2, 'JF2SHADC6CH486302');
insert into [Transaction](TransactionDate, TransactionTime, TransactionAmount, SupplierID, DealerID, VIN) values ('09/20/2022', '7:31 PM', '14375.81', 16, 10, '1C4BJWDG0FL591583');
insert into [Transaction](TransactionDate, TransactionTime, TransactionAmount, SupplierID, DealerID, VIN) values ('11/30/2022', '2:48 AM', '2109.44', 2, 6, '1GBJC34F4SE173770');
insert into [Transaction](TransactionDate, TransactionTime, TransactionAmount, SupplierID, DealerID, VIN) values ('06/04/2022', '1:05 AM', '24343.56', 9, 3, '2HKRM4H75DH683178');
insert into [Transaction](TransactionDate, TransactionTime, TransactionAmount, SupplierID, DealerID, VIN) values ('04/17/2022', '9:49 PM', '4782.58', 11, 4, '1GAZG1FG3B1114948');
insert into [Transaction](TransactionDate, TransactionTime, TransactionAmount, SupplierID, DealerID, VIN) values ('07/23/2022', '7:08 AM', '2892.40', 12, 9, '1G11J5SX9DF298388');
insert into [Transaction](TransactionDate, TransactionTime, TransactionAmount, SupplierID, DealerID, VIN) values ('10/24/2022', '12:26 PM', '1564.84', 8, 9, 'KM8JM12BX8U875647');
insert into [Transaction](TransactionDate, TransactionTime, TransactionAmount, SupplierID, DealerID, VIN) values ('02/04/2023', '10:20 AM','14551.11',10,6, '1FTNE1EW8ADA83150');
insert into [Transaction](TransactionDate, TransactionTime, TransactionAmount, SupplierID, DealerID, VIN) values ('09/12/2022', '11:50 AM','16001.09',18,2, '19XFB2F50EE229862');



insert into CarWithDealer (VIN , DealerID , TransactionID, LotNumber) values ('5NPET46F09H466351',6,1000000000, 16);
insert into CarWithDealer (VIN , DealerID , TransactionID, LotNumber) values ('JH4DC53043C089722',5,1000000001,87);
insert into CarWithDealer (VIN , DealerID , TransactionID, LotNumber) values ('1C3CDZCB2CN138248',1,1000000002,91);
insert into CarWithDealer (VIN , DealerID , TransactionID, LotNumber) values ('2B3CJ4DG4BH511512',9,1000000003,2);
insert into CarWithDealer (VIN , DealerID , TransactionID, LotNumber) values ('4A3AA46GX1E125103',10,1000000004,33);
insert into CarWithDealer (VIN , DealerID , TransactionID, LotNumber) values ('1N4AL3AP0FC109158',9,1000000005,9);
insert into CarWithDealer (VIN , DealerID , TransactionID, LotNumber) values ('WBABG2323TET20799',7,1000000006,53);
insert into CarWithDealer (VIN , DealerID , TransactionID, LotNumber) values ('JHLRE48738C029135',10,1000000007,42);
insert into CarWithDealer (VIN , DealerID , TransactionID, LotNumber) values ('1FTSW21P16EB51682',4,1000000008,85);
insert into CarWithDealer (VIN , DealerID , TransactionID, LotNumber) values ('JT4UN24D7T0066061',2,1000000009,72);
insert into CarWithDealer (VIN , DealerID , TransactionID, LotNumber) values ('2G1FA1E35D9226779',10,1000000010,15);
insert into CarWithDealer (VIN , DealerID , TransactionID, LotNumber) values ('SALSF25416A913487',7,1000000011,47);
insert into CarWithDealer (VIN , DealerID , TransactionID, LotNumber) values ('1FMDA41X1VZB36217',3,1000000012,99);
insert into CarWithDealer (VIN , DealerID , TransactionID, LotNumber) values ('5NPET46F09H466351',3,1000000013,28);
insert into CarWithDealer (VIN , DealerID , TransactionID, LotNumber) values ('2LMDU88C27BJ53197',6,1000000014,19);
insert into CarWithDealer (VIN , DealerID , TransactionID, LotNumber) values ('YV1MS672782383435',9,1000000015,49);
insert into CarWithDealer (VIN , DealerID , TransactionID, LotNumber) values ('WDDNG86X88A141351',9,1000000016,19);
insert into CarWithDealer (VIN , DealerID , TransactionID, LotNumber) values ('JM1NC25FX80103377',9,1000000017,93);
insert into CarWithDealer (VIN , DealerID , TransactionID, LotNumber) values ('1GCRCSE09CZ329718',10,1000000018,2);
insert into CarWithDealer (VIN , DealerID , TransactionID, LotNumber) values ('3VWAX7AJ9AM111979',8,1000000019,88);
insert into CarWithDealer (VIN , DealerID , TransactionID, LotNumber) values ('1GKKRPKD1FJ139536',6,1000000020,29);
insert into CarWithDealer (VIN , DealerID , TransactionID, LotNumber) values ('2G1WT58K269331772',4,1000000021,77);
insert into CarWithDealer (VIN , DealerID , TransactionID, LotNumber) values ('1HGCR2F87FA048191',4,1000000022,43);
insert into CarWithDealer (VIN , DealerID , TransactionID, LotNumber) values ('4F4YR12U52TM23440',5,1000000023,55);
insert into CarWithDealer (VIN , DealerID , TransactionID, LotNumber) values ('WDBGA70G4XA437410',7,1000000024,12);
insert into CarWithDealer (VIN , DealerID , TransactionID, LotNumber) values ('2G1FA1E30E9166573',9,1000000025,65);
insert into CarWithDealer (VIN , DealerID , TransactionID, LotNumber) values ('2C4RC1CG0FR613361',5,1000000026,70);
insert into CarWithDealer (VIN , DealerID , TransactionID, LotNumber) values ('WBAEK13466CN03265',6,1000000027,67);
insert into CarWithDealer (VIN , DealerID , TransactionID, LotNumber) values ('1FTFW1CF9BFB86068',6,1000000028,73);
insert into CarWithDealer (VIN , DealerID , TransactionID, LotNumber) values ('WBAVB17566NK44347',7,1000000029,38);
insert into CarWithDealer (VIN , DealerID , TransactionID, LotNumber) values ('1G2ZM361064267805',5,1000000030,50);
insert into CarWithDealer (VIN , DealerID , TransactionID, LotNumber) values ('2HSFBT3R4FCA23650',4,1000000031,55);
insert into CarWithDealer (VIN , DealerID , TransactionID, LotNumber) values ('3N1BC1CP5BL308174',5,1000000032,46);
insert into CarWithDealer (VIN , DealerID , TransactionID, LotNumber) values ('1GNDT13S342259062',9,1000000033,69);
insert into CarWithDealer (VIN , DealerID , TransactionID, LotNumber) values ('1FUJGLDR29LA14659',2,1000000034,29);
insert into CarWithDealer (VIN , DealerID , TransactionID, LotNumber) values ('1J4FA39S26P741547',1,1000000035,86);
insert into CarWithDealer (VIN , DealerID , TransactionID, LotNumber) values ('1D7HA16K04J246079',10,1000000036,75);
insert into CarWithDealer (VIN , DealerID , TransactionID, LotNumber) values ('5XYZGDAB7BG056184',7,1000000037,81);
insert into CarWithDealer (VIN , DealerID , TransactionID, LotNumber) values ('5UXZV4C52BL707270',3,1000000038,15);
insert into CarWithDealer (VIN , DealerID , TransactionID, LotNumber) values ('1GCFG15X081280588',4,1000000039,53);
insert into CarWithDealer (VIN , DealerID , TransactionID, LotNumber) values ('5TBRT38123S366789',5,1000000040,39);
insert into CarWithDealer (VIN , DealerID , TransactionID, LotNumber) values ('JF2SHADC6CH486302',2,1000000041,9);
insert into CarWithDealer (VIN , DealerID , TransactionID, LotNumber) values ('1C4BJWDG0FL591583',10,1000000042,94);
insert into CarWithDealer (VIN , DealerID , TransactionID, LotNumber) values ('1GBJC34F4SE173770',6,1000000043,75);
insert into CarWithDealer (VIN , DealerID , TransactionID, LotNumber) values ('2HKRM4H75DH683178',3,1000000044,92);
insert into CarWithDealer (VIN , DealerID , TransactionID, LotNumber) values ('1GAZG1FG3B1114948',4,1000000045,25);
insert into CarWithDealer (VIN , DealerID , TransactionID, LotNumber) values ('1G11J5SX9DF298388',9,1000000046,82);
insert into CarWithDealer (VIN , DealerID , TransactionID, LotNumber) values ('KM8JM12BX8U875647',9,1000000047,57);
insert into CarWithDealer (VIN , DealerID , TransactionID, LotNumber) values ('1FTNE1EW8ADA83150',6,1000000048,93);
insert into CarWithDealer (VIN , DealerID , TransactionID, LotNumber) values ('19XFB2F50EE229862',2,1000000049,14);


insert into CustomerTransaction(CTransactionDate, CTransactionTime, CTransactionAmount, CustomerID, DealerID, VIN) values ('10/29/2022','01:17 PM','35201.62',1000,4,'1HGCR2F87FA048191');
DELETE FROM CarWithDealer WHERE CarWithDealer.VIN = '1HGCR2F87FA048191'
insert into CustomerTransaction(CTransactionDate, CTransactionTime, CTransactionAmount, CustomerID, DealerID, VIN) values ('08/30/2022','01:35 AM','10000.38',1005,5,'4F4YR12U52TM23440');
DELETE FROM CarWithDealer WHERE CarWithDealer.VIN = '4F4YR12U52TM23440'
insert into CustomerTransaction(CTransactionDate, CTransactionTime, CTransactionAmount, CustomerID, DealerID, VIN) values ('02/02/2023','06:21 AM','30086.79',1028,7,'WDBGA70G4XA437410');
DELETE FROM CarWithDealer WHERE CarWithDealer.VIN = 'WDBGA70G4XA437410'
insert into CustomerTransaction(CTransactionDate, CTransactionTime, CTransactionAmount, CustomerID, DealerID, VIN) values ('05/06/2022','08:56 AM','34357.38',1044,9,'2G1FA1E30E9166573');
DELETE FROM CarWithDealer WHERE CarWithDealer.VIN = '2G1FA1E30E9166573'
insert into CustomerTransaction(CTransactionDate, CTransactionTime, CTransactionAmount, CustomerID, DealerID, VIN) values ('04/10/2023','06:17 AM','23472.74',1006,5,'2C4RC1CG0FR613361');
DELETE FROM CarWithDealer WHERE CarWithDealer.VIN = '2C4RC1CG0FR613361'
insert into CustomerTransaction(CTransactionDate, CTransactionTime, CTransactionAmount, CustomerID, DealerID, VIN) values ('09/10/2022','06:19 PM','40598.66',1007,6,'WBAEK13466CN03265');
DELETE FROM CarWithDealer WHERE CarWithDealer.VIN = 'WBAEK13466CN03265'
insert into CustomerTransaction(CTransactionDate, CTransactionTime, CTransactionAmount, CustomerID, DealerID, VIN) values ('01/17/2023','06:58 PM','25910.54',1009,6,'1FTFW1CF9BFB86068');
DELETE FROM CarWithDealer WHERE CarWithDealer.VIN = '1FTFW1CF9BFB86068'
insert into CustomerTransaction(CTransactionDate, CTransactionTime, CTransactionAmount, CustomerID, DealerID, VIN) values ('07/16/2022','11:37 PM','50473.71',1011,7,'WBAVB17566NK44347');
DELETE FROM CarWithDealer WHERE CarWithDealer.VIN = 'WBAVB17566NK44347'
insert into CustomerTransaction(CTransactionDate, CTransactionTime, CTransactionAmount, CustomerID, DealerID, VIN) values ('11/25/2022','03:08 AM','32358.41',1013,5,'1G2ZM361064267805');
DELETE FROM CarWithDealer WHERE CarWithDealer.VIN = '1G2ZM361064267805'
insert into CustomerTransaction(CTransactionDate, CTransactionTime, CTransactionAmount, CustomerID, DealerID, VIN) values ('06/25/2022','03:10 AM','17909.19',1014,4,'2HSFBT3R4FCA23650');
DELETE FROM CarWithDealer WHERE CarWithDealer.VIN = '2HSFBT3R4FCA23650'
insert into CustomerTransaction(CTransactionDate, CTransactionTime, CTransactionAmount, CustomerID, DealerID, VIN) values ('08/15/2022','03:20 PM','39937.54',1031,5,'3N1BC1CP5BL308174');
DELETE FROM CarWithDealer WHERE CarWithDealer.VIN = '3N1BC1CP5BL308174'
insert into CustomerTransaction(CTransactionDate, CTransactionTime, CTransactionAmount, CustomerID, DealerID, VIN) values ('01/19/2023','02:15 PM','28522.67',1032,9,'1GNDT13S342259062');
DELETE FROM CarWithDealer WHERE CarWithDealer.VIN = '1GNDT13S342259062'
insert into CustomerTransaction(CTransactionDate, CTransactionTime, CTransactionAmount, CustomerID, DealerID, VIN) values ('11/23/2022','07:43 AM','29703.52',1033,2,'1FUJGLDR29LA14659');
DELETE FROM CarWithDealer WHERE CarWithDealer.VIN = '1FUJGLDR29LA14659'
insert into CustomerTransaction(CTransactionDate, CTransactionTime, CTransactionAmount, CustomerID, DealerID, VIN) values ('04-27-2023','12:16 AM','19042.91',1015,1,'1J4FA39S26P741547');
DELETE FROM CarWithDealer WHERE CarWithDealer.VIN = '1J4FA39S26P741547'
insert into CustomerTransaction(CTransactionDate, CTransactionTime, CTransactionAmount, CustomerID, DealerID, VIN) values ('04/17/2023','12:14 PM','54406.49',1037,10,'1D7HA16K04J246079');
DELETE FROM CarWithDealer WHERE CarWithDealer.VIN = '1D7HA16K04J246079'
insert into CustomerTransaction(CTransactionDate, CTransactionTime, CTransactionAmount, CustomerID, DealerID, VIN) values ('03/30/2023','01:15 AM','56888.1',1042,7,'5XYZGDAB7BG056184');
DELETE FROM CarWithDealer WHERE CarWithDealer.VIN = '5XYZGDAB7BG056184'
insert into CustomerTransaction(CTransactionDate, CTransactionTime, CTransactionAmount, CustomerID, DealerID, VIN) values ('11/18/2022','01:57 PM','15073.7',1001,3,'5UXZV4C52BL707270');
DELETE FROM CarWithDealer WHERE CarWithDealer.VIN = '5UXZV4C52BL707270'
insert into CustomerTransaction(CTransactionDate, CTransactionTime, CTransactionAmount, CustomerID, DealerID, VIN) values ('02/28/2023','03:27 AM','20541.45',1044,4,'1GCFG15X081280588');
DELETE FROM CarWithDealer WHERE CarWithDealer.VIN = '1GCFG15X081280588'
insert into CustomerTransaction(CTransactionDate, CTransactionTime, CTransactionAmount, CustomerID, DealerID, VIN) values ('06/14/2022','11:52 PM','12599.03',1047,5,'5TBRT38123S366789');
DELETE FROM CarWithDealer WHERE CarWithDealer.VIN = '5TBRT38123S366789'
insert into CustomerTransaction(CTransactionDate, CTransactionTime, CTransactionAmount, CustomerID, DealerID, VIN) values ('10/11/2022','02:07 PM','29247.25',1030,2,'JF2SHADC6CH486302');
DELETE FROM CarWithDealer WHERE CarWithDealer.VIN = 'JF2SHADC6CH486302'


insert into Request (DateofRequest, ModelID , SalesRepID, CustomerID, RequestCompleted) values ('08/02/2022',78,10003,1000,'Yes');
insert into Request (DateofRequest, ModelID , SalesRepID, CustomerID, RequestCompleted) values ('10/10/2022',62,10030,1001,'Yes');
insert into Request (DateofRequest, ModelID , SalesRepID, CustomerID, RequestCompleted) values ('07/02/2023',74,10016,1002,'Yes');
insert into Request (DateofRequest, ModelID , SalesRepID, CustomerID, RequestCompleted) values ('05/08/2022',77,10020,1010,'Yes');
insert into Request (DateofRequest, ModelID , SalesRepID, CustomerID, RequestCompleted) values ('01/24/2023',61,10014,1012,'Yes');
insert into Request (DateofRequest, ModelID , SalesRepID, CustomerID, RequestCompleted) values ('05/14/2022',66,10026,1014,'Yes');
insert into Request (DateofRequest, ModelID , SalesRepID, CustomerID, RequestCompleted) values ('11/05/2022',65,10015,1015,'Yes');
insert into Request (DateofRequest, ModelID , SalesRepID, CustomerID, RequestCompleted) values ('06/11/2022',73,10011,1017,'Yes');
insert into Request (DateofRequest, ModelID , SalesRepID, CustomerID, RequestCompleted) values ('10/05/2022',67,10028,1021,'Yes');
insert into Request (DateofRequest, ModelID , SalesRepID, CustomerID, RequestCompleted) values ('11/04/2023',64,10004,1022,'Yes');
insert into Request (DateofRequest, ModelID , SalesRepID, CustomerID, RequestCompleted) values ('03/10/2023',63,10016,1024,'Yes');
insert into Request (DateofRequest, ModelID , SalesRepID, CustomerID, RequestCompleted) values ('04/07/2022',71,10014,1025,'Yes');
insert into Request (DateofRequest, ModelID , SalesRepID, CustomerID, RequestCompleted) values ('01/08/2023',76,10009,1028,'Yes');
insert into Request (DateofRequest, ModelID , SalesRepID, CustomerID, RequestCompleted) values ('11/01/2022',72,10011,1030,'Yes');
insert into Request (DateofRequest, ModelID , SalesRepID, CustomerID, RequestCompleted) values ('06/22/2022',70,10016,1030,'Yes');
insert into Request (DateofRequest, ModelID , SalesRepID, CustomerID, RequestCompleted) values ('03/09/2022',59,10016,1030,'Yes');
insert into Request (DateofRequest, ModelID , SalesRepID, CustomerID, RequestCompleted) values ('02/11/2022',69,10010,1031,'Yes');
insert into Request (DateofRequest, ModelID , SalesRepID, CustomerID, RequestCompleted) values ('05/02/2022',68,10010,1039,'Yes');
insert into Request (DateofRequest, ModelID , SalesRepID, CustomerID, RequestCompleted) values ('01/09/2022',60,10024,1043,'Yes');
insert into Request (DateofRequest, ModelID , SalesRepID, CustomerID, RequestCompleted) values ('02/05/2022',75,10012,1044,'Yes');
insert into Request (DateofRequest, ModelID , SalesRepID, CustomerID, RequestCompleted) values ('08/26/2022',83,10029,1008,'No');
insert into Request (DateofRequest, ModelID , SalesRepID, CustomerID, RequestCompleted) values ('02/22/2023',59,10003,1007,'No');
insert into Request (DateofRequest, ModelID , SalesRepID, CustomerID, RequestCompleted) values ('02/04/2023',19,10002,1003,'No');
insert into Request (DateofRequest, ModelID , SalesRepID, CustomerID, RequestCompleted) values ('05/20/2022',45,10017,1016,'No');
insert into Request (DateofRequest, ModelID , SalesRepID, CustomerID, RequestCompleted) values ('12/19/2022',58,10001,1013,'No');
insert into Request (DateofRequest, ModelID , SalesRepID, CustomerID, RequestCompleted) values ('09/20/2022',2,10022,1032,'No');
insert into Request (DateofRequest, ModelID , SalesRepID, CustomerID, RequestCompleted) values ('05/13/2022',83,10018,1036,'No');
insert into Request (DateofRequest, ModelID , SalesRepID, CustomerID, RequestCompleted) values ('12/12/2022',49,10023,1037,'No');
insert into Request (DateofRequest, ModelID , SalesRepID, CustomerID, RequestCompleted) values ('02/21/2023',89,10004,1027,'No');
insert into Request (DateofRequest, ModelID , SalesRepID, CustomerID, RequestCompleted) values ('11/03/2022',33,10016,1019,'No');


insert into Refurbisher (RefurbisherID, RefurbisherName, AddressID) values (101, 'Zoombeat', 31);
insert into Refurbisher (RefurbisherID, RefurbisherName, AddressID) values (102, 'Mita', 32);
insert into Refurbisher (RefurbisherID, RefurbisherName, AddressID) values (103, 'Oyoyo', 33);
insert into Refurbisher (RefurbisherID, RefurbisherName, AddressID) values (104, 'Photofeed', 34);
insert into Refurbisher (RefurbisherID, RefurbisherName, AddressID) values (105, 'Digitube', 35);
insert into Refurbisher (RefurbisherID, RefurbisherName, AddressID) values (106, 'Jayo', 36);
insert into Refurbisher (RefurbisherID, RefurbisherName, AddressID) values (107, 'Zoonder', 37);
insert into Refurbisher (RefurbisherID, RefurbisherName, AddressID) values (108, 'Oodoo', 38);
insert into Refurbisher (RefurbisherID, RefurbisherName, AddressID) values (109, 'Wikivu', 39);
insert into Refurbisher (RefurbisherID, RefurbisherName, AddressID) values (110, 'Fanoodle', 40);


-------------------------------------
insert into Inspection (VIN, DealerID, InspectorName, InspectionDate, InspectionResult) values ('5NPET46F09H466351', 6, 'Ginny Mullett', '04/24/2022', 'pass');
insert into Inspection (VIN, DealerID, InspectorName, InspectionDate, InspectionResult) values ('JH4DC53043C089722', 5, 'Giacopo Lundbech', '08/31/2022', 'pass');
insert into Inspection (VIN, DealerID, InspectorName, InspectionDate, InspectionResult) values ('1C3CDZCB2CN138248', 1, 'Rori Roumier', '08/26/2022', 'pass');
insert into Inspection (VIN, DealerID, InspectorName, InspectionDate, InspectionResult) values ('2B3CJ4DG4BH511512', 9, 'Nicoline Hoyt', '05/31/2022', 'pass');
insert into Inspection (VIN, DealerID, InspectorName, InspectionDate, InspectionResult) values ('4A3AA46GX1E125103', 10, 'Cherye Morgan', '07/04/2022', 'fail');
insert into Inspection (VIN, DealerID, InspectorName, InspectionDate, InspectionResult) values ('1N4AL3AP0FC109158', 9, 'Stu Severy', '12/14/2022', 'pass');
insert into Inspection (VIN, DealerID, InspectorName, InspectionDate, InspectionResult) values ('WBABG2323TET20799', 7, 'Fonz Laughrey', '04/20/2022', 'pass');
insert into Inspection (VIN, DealerID, InspectorName, InspectionDate, InspectionResult) values ('JHLRE48738C029135', 10, 'Michell Grevel', '09/06/2022', 'pass');
insert into Inspection (VIN, DealerID, InspectorName, InspectionDate, InspectionResult) values ('1FTSW21P16EB51682', 4, 'Tabbi O''Scanlon', '02/22/2023', 'pass');
insert into Inspection (VIN, DealerID, InspectorName, InspectionDate, InspectionResult) values ('JT4UN24D7T0066061', 2, 'Markos Gile', '07/07/2022', 'fail');
insert into Inspection (VIN, DealerID, InspectorName, InspectionDate, InspectionResult) values ('2G1FA1E35D9226779', 10, 'Amble McGuigan', '01/16/2023', 'pass');
insert into Inspection (VIN, DealerID, InspectorName, InspectionDate, InspectionResult) values ('SALSF25416A913487', 7, 'Bria Spaducci', '01/05/2023', 'pass');
insert into Inspection (VIN, DealerID, InspectorName, InspectionDate, InspectionResult) values ('1FMDA41X1VZB36217', 3, 'Mischa Lysons', '08/11/2022', 'pass');
insert into Inspection (VIN, DealerID, InspectorName, InspectionDate, InspectionResult) values ('5NPET46F09H466351', 3, 'Catherine Hayhoe', '03/22/2023', 'pass');
insert into Inspection (VIN, DealerID, InspectorName, InspectionDate, InspectionResult) values ('2LMDU88C27BJ53197', 6, 'Garvey Stiggles', '11/17/2022', 'fail');
insert into Inspection (VIN, DealerID, InspectorName, InspectionDate, InspectionResult) values ('YV1MS672782383435', 9, 'Cynthea Woodruff', '08/21/2022', 'pass');
insert into Inspection (VIN, DealerID, InspectorName, InspectionDate, InspectionResult) values ('WDDNG86X88A141351', 9, 'Jacquelynn Mechan', '12/15/2022', 'pass');
insert into Inspection (VIN, DealerID, InspectorName, InspectionDate, InspectionResult) values ('JM1NC25FX80103377', 9, 'Shayne Lindenbaum', '02/13/2023', 'pass');
insert into Inspection (VIN, DealerID, InspectorName, InspectionDate, InspectionResult) values ('1GCRCSE09CZ329718', 10, 'Arny Coggles', '09/17/2022', 'pass');
insert into Inspection (VIN, DealerID, InspectorName, InspectionDate, InspectionResult) values ('3VWAX7AJ9AM111979', 8, 'Theadora Kyle', '04/13/2022', 'fail');
insert into Inspection (VIN, DealerID, InspectorName, InspectionDate, InspectionResult) values ('1GKKRPKD1FJ139536', 6, 'Isaac Nafziger', '12/27/2022', 'pass');
insert into Inspection (VIN, DealerID, InspectorName, InspectionDate, InspectionResult) values ('2G1WT58K269331772', 4, 'Walker Manners', '01/03/2023', 'pass');
insert into Inspection (VIN, DealerID, InspectorName, InspectionDate, InspectionResult) values ('1HGCR2F87FA048191', 4, 'Doretta Jacklings', '10/17/2022', 'pass');
insert into Inspection (VIN, DealerID, InspectorName, InspectionDate, InspectionResult) values ('4F4YR12U52TM23440', 5, 'Pansie Sartain', '08/22/2022', 'pass');
insert into Inspection (VIN, DealerID, InspectorName, InspectionDate, InspectionResult) values ('WDBGA70G4XA437410', 7, 'Christy Sloan', '01/24/2023', 'fail');
insert into Inspection (VIN, DealerID, InspectorName, InspectionDate, InspectionResult) values ('2G1FA1E30E9166573', 9, 'Deloris Langland', '05/06/2022', 'pass');
insert into Inspection (VIN, DealerID, InspectorName, InspectionDate, InspectionResult) values ('2C4RC1CG0FR613361', 5, 'Thomasa Darrington', '04/01/2023', 'pass');
insert into Inspection (VIN, DealerID, InspectorName, InspectionDate, InspectionResult) values ('WBAEK13466CN03265', 6, 'Pen Trorey', '08/28/2022', 'pass');
insert into Inspection (VIN, DealerID, InspectorName, InspectionDate, InspectionResult) values ('1FTFW1CF9BFB86068', 6, 'Kippie Readshaw', '01/09/2023', 'pass');
insert into Inspection (VIN, DealerID, InspectorName, InspectionDate, InspectionResult) values ('WBAVB17566NK44347', 7, 'Foster Eastbrook', '07/07/2022', 'fail');
insert into Inspection (VIN, DealerID, InspectorName, InspectionDate, InspectionResult) values ('1G2ZM361064267805', 5, 'Cairistiona Syce', '11/27/2022', 'pass');
insert into Inspection (VIN, DealerID, InspectorName, InspectionDate, InspectionResult) values ('2HSFBT3R4FCA23650', 4, 'Flo Deare', '06/20/2022', 'pass');
insert into Inspection (VIN, DealerID, InspectorName, InspectionDate, InspectionResult) values ('3N1BC1CP5BL308174', 5, 'Anthony Beechcraft', '08/06/2022', 'pass');
insert into Inspection (VIN, DealerID, InspectorName, InspectionDate, InspectionResult) values ('1GNDT13S342259062', 9, 'Cordelia Cambling', '01/12/2023', 'pass');
insert into Inspection (VIN, DealerID, InspectorName, InspectionDate, InspectionResult) values ('1FUJGLDR29LA14659', 2, 'Cyrillus Westmorland', '11/15/2022', 'fail');
insert into Inspection (VIN, DealerID, InspectorName, InspectionDate, InspectionResult) values ('1J4FA39S26P741547', 1, 'Phil McCrie', '04/07/2023', 'pass');
insert into Inspection (VIN, DealerID, InspectorName, InspectionDate, InspectionResult) values ('1D7HA16K04J246079', 10, 'Yulma McBrearty', '04/05/2023', 'pass');
insert into Inspection (VIN, DealerID, InspectorName, InspectionDate, InspectionResult) values ('5XYZGDAB7BG056184', 7, 'Chrisse Jakubiak', '03/25/2023', 'pass');
insert into Inspection (VIN, DealerID, InspectorName, InspectionDate, InspectionResult) values ('5UXZV4C52BL707270', 3, 'Niki Alexis', '11/09/2022', 'pass');
insert into Inspection (VIN, DealerID, InspectorName, InspectionDate, InspectionResult) values ('1GCFG15X081280588', 4, 'Sileas Blazewski', '02/19/2023', 'fail');
insert into Inspection (VIN, DealerID, InspectorName, InspectionDate, InspectionResult) values ('5TBRT38123S366789', 5, 'Natala Roaf', '06/05/2022', 'pass');
insert into Inspection (VIN, DealerID, InspectorName, InspectionDate, InspectionResult) values ('JF2SHADC6CH486302', 2, 'Kandy McShee', '11/03/2022', 'pass');
insert into Inspection (VIN, DealerID, InspectorName, InspectionDate, InspectionResult) values ('1C4BJWDG0FL591583', 10, 'Zak Masdon', '09/20/2022', 'pass');
insert into Inspection (VIN, DealerID, InspectorName, InspectionDate, InspectionResult) values ('1GBJC34F4SE173770', 6, 'Mag Robins', '11/30/2022', 'pass');
insert into Inspection (VIN, DealerID, InspectorName, InspectionDate, InspectionResult) values ('2HKRM4H75DH683178', 3, 'Brad Radnedge', '06/04/2022', 'fail');
insert into Inspection (VIN, DealerID, InspectorName, InspectionDate, InspectionResult) values ('1GAZG1FG3B1114948', 4, 'Lorene Moule', '04/17/2022', 'pass');
insert into Inspection (VIN, DealerID, InspectorName, InspectionDate, InspectionResult) values ('1G11J5SX9DF298388', 9, 'Cherida Anfrey', '07/23/2022', 'pass');
insert into Inspection (VIN, DealerID, InspectorName, InspectionDate, InspectionResult) values ('KM8JM12BX8U875647', 9, 'Fredia Shawel', '10/24/2022', 'pass');
insert into Inspection (VIN, DealerID, InspectorName, InspectionDate, InspectionResult) values ('1FTNE1EW8ADA83150', 6, 'Stace Owen', '02/04/2023', 'pass');
insert into Inspection (VIN, DealerID, InspectorName, InspectionDate, InspectionResult) values ('19XFB2F50EE229862', 2, 'Wilton Pautard', '09/12/2022', 'fail');


insert into Refurbishment (InspectionNumber, CarCondition, DateReceived, DateCompleted, RefurbisherID, CarStatus) values (5, 'Minor Damage', '07/04/2022', '07/05/2022', 101, 'Refurbishment finished');
insert into Refurbishment (InspectionNumber, CarCondition, DateReceived, DateCompleted, RefurbisherID, CarStatus) values (10, 'Major Damage', '07/07/2022', '07/08/2022', 102, 'Refurbishment finished');
insert into Refurbishment (InspectionNumber, CarCondition, DateReceived, DateCompleted, RefurbisherID, CarStatus) values (15, 'Minor Damage', '11/17/2022', '11/18/2022', 106, 'Refurbishment finished');
insert into Refurbishment (InspectionNumber, CarCondition, DateReceived, DateCompleted, RefurbisherID, CarStatus) values (20, 'Minor Damage', '04/13/2022', '04/14/2022', 108, 'Refurbishment finished');
insert into Refurbishment (InspectionNumber, CarCondition, DateReceived, DateCompleted, RefurbisherID, CarStatus) values (25, 'Minor Damage', '01/24/2023', '01/25/2023', 107, 'Refurbishment finished');
insert into Refurbishment (InspectionNumber, CarCondition, DateReceived, DateCompleted, RefurbisherID, CarStatus) values (30, 'Major Damage', '07/07/2022', '07/08/2022', 107, 'Refurbishment finished');
insert into Refurbishment (InspectionNumber, CarCondition, DateReceived, DateCompleted, RefurbisherID, CarStatus) values (35, 'Minor Damage', '11/15/2022', '11/16/2022', 102, 'Refurbishment finished');
insert into Refurbishment (InspectionNumber, CarCondition, DateReceived, DateCompleted, RefurbisherID, CarStatus) values (40, 'Minor Damage', '02/19/2023', '02/20/2023', 104, 'Refurbishment finished');
insert into Refurbishment (InspectionNumber, CarCondition, DateReceived, DateCompleted, RefurbisherID, CarStatus) values (45, 'Major Damage', '06/04/2022', '06/05/2022', 103, 'Refurbishment finished');
insert into Refurbishment (InspectionNumber, CarCondition, DateReceived, DateCompleted, RefurbisherID, CarStatus) values (50, 'Minor Damage', '09/12/2022', '09/13/2022', 102, 'Refurbishment finished');


----1st VIEW
SELECT FirstName, LastName, TransactionCount FROM CustomerTransactionCount28
GO

----2nd VIEW
SELECT VIN, DealerID FROM CarDealerInfo2 ORDER BY DealerID;
GO

----3rd VIEW
SELECT OriginalPrice, CarMake, CarModel FROM TopTenCars
GO

-- TESTING THE TRIGGER : Should print that a new customer has been added.
INSERT INTO Address (Street, City, State, ZipCode)
VALUES ('123 Main St', 'New Brockton', 'MA', '12345');

INSERT INTO Customer
VALUES ('John', 'Doe', 1234567890, 101, 'no');
GO

----Testing two stored procedures together
EXEC AutoBuy 15000, 5, 9, '1C6RR6KT5ES361931', 15, 'Matthew Jenkins', 'Pass'
GO

----Testing 3rd stored procedure
exec SellCar '13000', 1005,9,'YV1MS672782383435'
GO

----Encrypted Column in Customer
SELECT number_encrypt, CONVERT(VARCHAR, DECRYPTBYKEY(number_encrypt)) AS decrypted FROM Customer

----TEST VIEW TO HIDE DECRYPTED ContactNumber COLUMN from Customer
SELECT ct.CustomerID, ct.FirstName, ct.LastName, ct.AddressID, ct.TakesLoan, ct.number_encrypt FROM CustomerTable ct
GO

----Test the UDF
SELECT LoanID, LoanAmount, EMIAmount FROM dbo.PrintLoanAndEMI(300112, 6.5, 60)